level,category,ex_top,kanji,ex_bottom,yomi
two,yomi,自然豊かで,酪農,が盛んだ。,らくのう
two,yomi,,彙報,を発行する。,いほう
two,yomi,,刹那,主義の若輩。,せつな
two,yomi,今回の台風は,甚大,な被害をもたらした。,じんだい
two,yomi,汚職事件には強い,憤り,を感じる。,いきどおり
two,yomi,息子を,溺愛,する。,できあい
two,yomi,盗難事件が,頻発,している。,ひんぱつ
two,yomi,決定するには時期,尚早,だ。,しょうそう
two,yomi,否定派が,肯定,派を上回る。,こうてい
two,yomi,登山時は,雪渓,に注意が必要だ。,せっけい
two,yomi,織田家の,嫡子,である信長に嫁ぐ。,ちゃくし
two,yomi,,臆面,もなく話す。,おくめん
two,yomi,作物が,霜害,の被害を受ける。,そうがい
two,yomi,対戦相手を,一蹴,する。,いっしゅう
two,yomi,有害物質による,土壌,の汚染が深刻化している。,どじょう
two,yomi,障害物を避けるために,旋回,する。,せんかい
two,yomi,,醜悪,な争いが後を絶たない。,しゅうあく
two,yomi,彼の本性が,露呈,された。,ろてい
two,yomi,特徴が,顕著,に現れる。,けんちょ
two,yomi,外交文書に,国璽,が押される。,こくじ
two,yomi,隣人に,会釈,してすれ違った。,えしゃく
two,yomi,,土壇場,での大逆転。,どたんば
two,yomi,,愁嘆場,を演じる。,しゅうたんば
two,yomi,冥福を祈り,回向,する。,えこう
two,yomi,公の弾劾により,罷免,される。,ひめん
two,yomi,試作品を,頒布,する。,はんぷ
two,yomi,大声で,脅嚇,する。,きょうかく
two,yomi,川辺に,蚊柱,が立つ。,かばしら
two,yomi,路盤に,砕石,を用いる。,さいせき
two,yomi,記事を,抄訳,する。,しょうやく
two,yomi,,曖昧,な表現を避ける。,あいまい
two,yomi,植物の,種苗,。,しゅびょう
two,yomi,気持ちが,萎縮,する。,いしゅく
two,yomi,人生の意味を,思索,する。,しさく
two,yomi,,漆,は塗料のほか接着剤としても用いられる。,うるし
two,yomi,人気の海外,製靴,メーカー。,せいか
two,yomi,,咽喉,を痛める。,いんこう
two,yomi,子どもたちが集まって,童歌,を歌う。,わらべうた
two,yomi,土日は工場が,稼働,していない。,かどう
two,yomi,ここ数年で収穫量が,逓減,している。,ていげん
two,yomi,総理大臣の,椅子,。,いす
two,yomi,,誓約書,にサインする。,せいやくしょ
two,yomi,印紙を,貼用,する。,ちょうよう
two,yomi,,紙幣,の両替を頼む。,しへい
two,yomi,,危惧,の念を抱く。,きぐ
two,yomi,早朝から市場では,競り,が行われる。,せり
two,yomi,,怨恨,による事件と判明した。,えんこん
two,yomi,,挨拶,を交わす。,あいさつ
two,yomi,,宛先,を確認する。,あてさき
two,yomi,出産祝いに,産着,を送る。,うぶぎ
two,yomi,,疎遠,になった友人と久々に再会する。,そえん
two,yomi,川に落ちて,溺死,する。,できし
two,yomi,,畏怖,の念を抱く。,いふ
two,yomi,資金集めに,狂奔,する。,きょうほん
two,yomi,近所では有名な,愛猫,家だ。,あいびょう
two,yomi,,鬱屈,した日々を過ごす。,うっくつ
two,yomi,,戦慄,が走る。,せんりつ
two,yomi,,妖艶,な女性。,ようえん
two,yomi,,旺盛,な食欲。,おうせい
two,yomi,,辣腕,を振るう。,らつわん
two,yomi,,苛酷,な状況。,かこく
two,yomi,,脇腹,が痛い。,わきばら
two,yomi,人生を,諦観,する。,ていかん
two,yomi,,進捗,状況を確認する。,しんちょく
two,yomi,カーテンの,裾,。,すそ
two,yomi,,凄惨,な戦い。,せいさん
two,yomi,,蜜月,旅行に行く。,みつげつ
two,yomi,遠い,親戚,より近くの他人。,しんせき
two,yomi,,失踪,事件を調査する。,しっそう
two,yomi,レーダーで飛行機を,捕捉,する。,ほそく
two,yomi,,唾棄,すべき行為。,だき
two,yomi,知人の出世を,妬む,。,ねたむ
two,yomi,,瞳孔,が拡大する。,どうこう
two,yomi,,汎用性,が高い。,はんようせい
two,yomi,内乱が,勃発,した。,ぼっぱつ
two,yomi,精神を,陶冶,する。,とうや
two,yomi,,臆断,を下す。,おくだん
two,yomi,見知らぬ男達に,拉致,される。,らち
two,yomi,部下の,横柄,な態度を注意する。,おうへい
two,yomi,内閣の,瓦解,。,がかい
two,yomi,,出藍,の誉れ高い弟子。,しゅつらん
two,yomi,険しい,崖,に登る。,がけ
two,yomi,,明瞭,な発音。,めいりょう
two,yomi,食物を,玩味,する。,がんみ
two,yomi,,賄賂,を贈って買収する。,わいろ
two,yomi,人を,愚弄,する。,ぐろう
two,yomi,,僅差,で勝利する。,きんさ
two,yomi,雨で家に,籠城,する。,ろうじょう
two,yomi,,山麓,の村。,さんろく
two,yomi,ピアノの,鍵盤,。,けんばん
two,yomi,長年の,怨念,を晴らす。,おんねん
two,yomi,,顎,を突き出す。,あご
two,yomi,,虎口,を脱する。,ここう
two,yomi,,亀裂,が生じる。,きれつ
two,yomi,腕を,脱臼,する。,だっきゅう
two,yomi,犬は鋭い,嗅覚,を持っている。,きゅうかく
two,yomi,,真摯,に受け止める。,しんし
two,yomi,悪者の,餌食,になる。,えじき
two,yomi,厳しく,叱責,する。,しっせき
two,yomi,,羨望,を集める。,せんぼう
two,yomi,,砂嵐,に襲われる。,すなあらし
two,yomi,,畏敬,の念を抱く。,いけい
two,yomi,あの人は,語彙,が豊富だ。,ごい
two,yomi,,茨,の道を行く。,いばら
two,yomi,,均斉,のとれた形。,きんせい
two,yomi,血が,鬱結,する。,うっけつ
two,yomi,有名女子大出身の,才媛,。,さいえん
two,yomi,,俺様,に逆らうな。,おれさま
two,yomi,敵軍の,牙城,に迫る。,がじょう
two,yomi,,楷書体,の書き方を学ぶ。,かいしょたい
two,yomi,反乱軍は,潰走,した。,かいそう
two,yomi,,俳諧,の編著。,はいかい
two,yomi,,蓋然,の結果。,がいぜん
two,yomi,制度は既に,形骸化,している。,けいがいか
two,yomi,,柿,の皮をむく。,かき
two,yomi,,葛藤,が生じる。,かっとう
two,yomi,,釜飯,のおいしいお店。,かまめし
two,yomi,名誉を,毀損,する。,きそん
two,yomi,子供たちの,憧憬,の的となる。,しょうけい（どうけい）
two,yomi,,近畿,地方の天気。,きんき
two,yomi,疑わしい相手に,鎌,をかける。,かま
two,yomi,犯罪者の,巣窟,。,そうくつ
two,yomi,神社に,詣でる,。,もうでる
two,yomi,,頬桁,をたたく。,ほおげた
two,yomi,初めて,歌舞伎,を観賞する。,かぶき
two,yomi,友人との間に,間隙,が生じた。,かんげき
two,yomi,懲役又は,禁錮,に処す。,きんこ
two,yomi,,梗概,を示す。,こうがい
two,yomi,材料を,竹串,に刺す。,たけぐし
two,yomi,,雑巾,を絞る。,ぞうきん
two,yomi,故郷に,錦,を飾る。,にしき
two,yomi,,寡聞,にして存じません。,かぶん
two,yomi,,熊,に襲われる。,くま
two,yomi,,滑稽,な態度。,こっけい
two,yomi,船は,右舷,に傾いた。,うげん
two,yomi,,股関節,が痛い。,こかんせつ
two,yomi,規定により,勾留,される。,こうりゅう
two,yomi,地獄の,沙汰,も金次第。,さた
two,yomi,周りに,嫉視,される。,しっし
two,yomi,,斬新,な発想。,ざんしん
two,yomi,許しを,乞う,。,こう
two,yomi,御,叱正,を仰ぐ。,しっせい
two,yomi,,鬱乎,たる草木。,うっこ
two,yomi,フェリーで,愛媛,に行く。,えひめ
two,yomi,計画は資金不足のため,頓挫,した。,とんざ
two,yomi,消毒薬で,拭浄,する。,しょくじょう
two,yomi,,目尻,を下げる。,めじり
two,yomi,,喝采,を浴びる。,かっさい
two,yomi,,頃合い,を見計らう。,ころあい
two,yomi,,腫瘍,を取り除く手術を受ける。,しゅよう
two,yomi,,傲岸,な性格をしている。,ごうがん
two,yomi,,駒,を進める。,こま
two,yomi,,血痕,が付着していた。,けっこん
two,yomi,,脱柵,した隊員。,だっさく
two,yomi,児童の,恣意,を尊重する。,しい
two,yomi,,呪縛,を解く。,じゅばく
two,yomi,,羞悪,の心。,しゅうお
two,yomi,名前の入力は,必須,項目である。,ひっす
two,yomi,火にかけて十分に,煎る,。,いる
two,yomi,方針を,詮議,する。,せんぎ
two,yomi,,肝腎,なことを忘れる。,かんじん
two,yomi,賃金を,遡及,して支払う。,そきゅう
two,yomi,,未曽有,の大事故。,みぞう
two,yomi,今朝の空気は,爽やか,だ。,さわやか
two,yomi,田畑のない,痩地,。,そうち
two,yomi,犯人の,踪跡,を失った。,そうせき
two,yomi,経営は,丼勘定,では成功しない。,どんぶりかんじょう
two,yomi,放射線を,遮蔽,する。,しゃへい
two,yomi,,衆寡,敵せず。,しゅうか
two,yomi,このゲームは,八百長,だ。,やおちょう
two,yomi,真相をやみに,葬る,。,ほうむる
two,yomi,,安寧,を保つ。,あんねい
two,yomi,松下村塾の,双璧,と称された。,そうへき
two,yomi,費用を,捻出,する。,ねんしゅつ
two,yomi,,奈落,の底に落ちる。,ならく
two,yomi,,嘲罵,を浴びせる。,ちょうば
two,yomi,梅が,綻びる,。,ほころびる
two,yomi,他国と比べても,遜色,のない基準である。,そんしょく
two,yomi,,和睦,を申し出る。,わぼく
two,yomi,,弥次馬,が集まる。,やじうま
two,yomi,,比喩,的な言葉。,ひゆ
two,yomi,人民が,蜂起,した。,ほうき
two,yomi,,粛然,とした雰囲気。,しゅくぜん
two,yomi,たぐいまれなる,傑物,だ。,けつぶつ
two,yomi,,枝垂れ,柳を植える。,しだれ
two,yomi,その,旨,を伝える。,むね
two,yomi,不当な利益を,貪る,。,むさぼる
two,yomi,そろそろ,配膳,の時間だ。,はいぜん
two,yomi,,旦夕,に迫る。,たんせき
two,yomi,,焼酎,を飲んだ。,しょうちゅう
two,yomi,たくさんの小さな,斑点,。,はんてん
two,yomi,甘い,匂い,がする。,におい
two,yomi,,謎めいた,事件。,なぞめいた
two,yomi,相手を,蔑視,する。,べっし
two,yomi,,冥加,に余る。,みょうが
two,yomi,生涯の,伴侶,。,はんりょ
two,yomi,流行に,疎い,。,うとい
two,yomi,,剥製,の鳥。,はくせい
two,yomi,知人の,訃報,に接する。,ふほう
two,yomi,師の,薫陶,を受ける。,くんとう
two,yomi,株価が,急騰,した。,きゅうとう
two,yomi,死ぬか生きるかの,瀬戸際,だ。,せとぎわ
two,yomi,銃の,筒先,。,つつさき
two,yomi,,年端,もいかない子ども。,としは
two,yomi,君主に,拝謁,する。,はいえつ
two,yomi,相手を,懐柔,する。,かいじゅう
two,yomi,,窮状,を訴える。,きゅうじょう
two,yomi,,潔く,謝罪する。,いさぎよく
two,yomi,,好事家,の間で人気の品だ。,こうずか
two,yomi,金品が,絡む,問題。,からむ
two,yomi,,涙腺,が緩む。,るいせん
two,yomi,土砂が海底に,堆積,する。,たいせき
two,yomi,,懐かしい,写真を見る。,なつかしい
two,yomi,,霜柱,の上を歩く。,しもばしら
two,yomi,ご,利益,がある神社。,りやく
two,yomi,,礎,を築いた人物。,いしずえ
two,yomi,領収書の,但し,書き。,ただし
two,yomi,日本の歴史を,汎説,する。,はんせつ
two,yomi,,焦眉,の急を要する。,しょうび
two,yomi,大きな,変貌,を遂げる。,へんぼう
two,yomi,自分の,殻,に閉じこもる。,から
two,yomi,速さを,競う,。,きそう
two,yomi,,浄瑠璃,を語る。,じょうるり
two,yomi,,乾麺,を製造する。,かんめん
two,yomi,扉を,施錠,する。,せじょう
two,yomi,,精緻,な技法。,せいち
two,yomi,ガスを,充填,する。,じゅうてん
two,yomi,本に,索引,をつける。,さくいん
two,yomi,空に,虹,がかかる。,にじ
two,yomi,,尻餅,をつく。,しりもち
two,yomi,現在も残る貴重な,湧水,。,ゆうすい
two,yomi,,肥沃,な土地。,ひよく
two,yomi,,冷徹,な目。,れいてつ
two,yomi,,全幅,の信頼を寄せる。,ぜんぷく
two,yomi,,膝,を曲げると痛い。,ひざ
two,yomi,食べ物を,頬張る,。,ほおばる
two,yomi,,賭博,は禁止されている。,とばく
two,yomi,,爪先,で立つ。,つまさき
two,yomi,,脊椎,の病気を治療する。,せきつい
two,yomi,子どもに,箸,の持ち方を教える。,はし
two,yomi,,肘,を伸ばす。,ひじ
two,yomi,赤ちゃんが,哺乳瓶,を嫌がる。,ほにゅうびん
two,yomi,,夕闇,の中を歩く。,ゆうやみ
two,yomi,,夢枕,に立つ。,ゆめまくら
two,yomi,ご意見を,頂戴,しました。,ちょうだい
two,yomi,,語呂,がいい言葉。,ごろ
two,yomi,,漠,とした不安。,ばく
two,yomi,物事の,捉え方,を変える。,とらえかた
two,yomi,,処方箋,が必要な薬。,しょほうせん
two,yomi,,梨,を収穫する。,なし
two,yomi,,千羽鶴,を折る。,せんばづる
two,yomi,,盲亀,の浮木。,もうき
two,yomi,,喉元,過ぎれば熱さを忘れる。,のどもと
two,yomi,,呪文,を唱える。,じゅもん
two,yomi,,謙遜,した態度で話す。,けんそん
two,yomi,台風で川が,氾濫,する。,はんらん
two,yomi,,妖しい,光。,あやしい
two,yomi,戦争の,惨禍,。,さんか
two,yomi,候補者として,薦めた,。,すすめた
two,yomi,疲れが,鬱積,する。,うっせき
two,yomi,,寸隙,を狙う。,すんげき
two,yomi,領収書に印紙を,貼る,。,はる
two,yomi,成功を,渇望,する。,かつぼう
two,yomi,ここからの,眺め,は最高だ。,ながめ
two,yomi,水酸化ナトリウムは,苛性,ソーダとも呼ばれる。,かせい
two,yomi,意見交換は,深更,まで続いた。,しんこう
two,yomi,一族の長老として,尊崇,を集める。,そんすう
two,yomi,権威の前に,畏縮,する。,いしゅく
two,yomi,文書の,毀棄,。,きき
two,yomi,,命乞い,をする。,いのちごい
two,yomi,,羞恥,を覚える。,しゅうち
two,yomi,,堆肥,を作る。,たいひ
two,yomi,白い,斑紋,が見られる。,はんもん
two,yomi,,沃野,で作物を育てる。,よくや
two,yomi,,一矢,を報いる。,いっし
two,yomi,,清艶,な美人。,せいえん
two,yomi,,拳銃,が押収される。,けんじゅう
two,yomi,人前で,嘲弄,を受ける。,ちょうろう
two,yomi,法を,狭義,に解釈する。,きょうぎ
two,yomi,,慶事,が続く。,けいじ
two,yomi,,象牙,の塔。,ぞうげ
two,yomi,,虚空,に消える。,こくう
two,yomi,,虐げられている,人を救済する。,しいたげられている
two,yomi,,茨城,に転勤になる。,いばらき
two,yomi,石でできた,臼,。,うす
two,yomi,私は時に,傲語,する。,ごうご
two,yomi,不安を,払拭,する。,ふっしょく
two,yomi,一年の計は,元旦,にあり。,がんたん
two,yomi,あの話は,眉唾物,だ。,まゆつばもの
two,yomi,,藍染め,を体験する。,あいぞめ
two,yomi,趣味で,詩吟,を練習する。,しぎん
two,yomi,,臆する,ことなく戦いを挑む。,おくする
two,yomi,,鍵穴,を隠す。,かぎあな
two,yomi,本質を,諦視,する。,ていし
two,yomi,,稚拙,な考え方しかできない。,ちせつ
two,yomi,消毒のために,煮沸,した。,しゃふつ
two,yomi,,断崖,絶壁に咲く花。,だんがい
two,yomi,馬を,手綱,で引く。,たづな
two,yomi,影響を与えている事は,否めない,。,いなめない
two,yomi,話に,色艶,を添える。,いろつや
two,yomi,,三角巾,を使った応急処置。,さんかくきん
two,yomi,,手頃,な値段。,てごろ
two,yomi,もう,尻拭い,はごめんだ。,しりぬぐい
two,yomi,会社が,破綻,する。,はたん
two,yomi,,訃告,が発表された。,ふこく
two,yomi,目の前の光景に,慄然,とする。,りつぜん
two,yomi,,富裕,な生活を送る。,ふゆう
two,yomi,,苛辣,な反論。,からつ
two,yomi,,傲然,たる態度。,ごうぜん
two,yomi,損失を,補填,する。,ほてん
two,yomi,,払暁,に決行する。,ふつぎょう
two,yomi,息子を,懇々,と諭す。,こんこん
two,yomi,,葛切り,を食べる。,くずきり
two,yomi,信用金庫の,渉外,係。,しょうがい
two,yomi,真実を知る,由,も無い。,よし
two,yomi,,旺然,たる憎悪を感じ始めた。,おうぜん
two,yomi,,僅少,な変動。,きんしょう
two,yomi,,痕跡,が残っている。,こんせき
two,yomi,,凄艶,な姿。,せいえん
two,yomi,,緻密,な計画を立てる。,ちみつ
two,yomi,事実を,隠蔽,する。,いんぺい
two,yomi,敵を,翻弄,する。,ほんろう
two,yomi,この町には現在も多くの,窯元,が残る。,かまもと
two,yomi,,爪牙,となって働く。,そうが
two,yomi,台風の,爪痕,。,つめあと
two,yomi,警察が,賭場,に踏み込む。,とば
two,yomi,重要な役割を,担う,。,になう
two,yomi,,開襟,シャツを着る。,かいきん
two,yomi,子犬を,愛玩,する。,あいがん
two,yomi,大仏の表面は,緑青,に覆われている。,ろくしょう
two,yomi,悲惨で,醜い,争い。,みにくい
two,yomi,,苛烈,な戦いを繰り広げる。,かれつ
two,yomi,,錦衣,を賜る。,きんい
two,yomi,途中で,挫折,する。,ざせつ
two,yomi,,脊髄,の構造について知る。,せきずい
two,yomi,商品にラベルを,貼付,する。,ちょうふ（てんぷ）
two,yomi,,完璧,な演奏。,かんぺき
two,yomi,男性を,籠絡,する。,ろうらく
two,yomi,その植物には,地下茎,がある。,ちかけい
two,yomi,ニキビを,潰す,。,つぶす
two,yomi,手首を,捻挫,する。,ねんざ
two,yomi,輸送が,停頓,している。,ていとん
two,yomi,物議を,醸す,。,かもす
two,yomi,物見,遊山,に出かける。,ゆさん
two,yomi,,魔窟,に足を踏み入れた。,まくつ
two,yomi,,聴聞,を開催する。,ちょうもん
two,yomi,お,布施,を用意する。,ふせ
two,yomi,,牙,を研ぐ。,きば
two,yomi,,疑惧,の念を抱く。,ぎぐ
two,yomi,,風采,が重々しい。,ふうさい
two,yomi,,姻戚,関係による兄弟。,いんせき
two,yomi,失敗を,嘲る,。,あざける
two,yomi,,蔑んだ,ような目で見る。,さげすんだ
two,yomi,山の,麓,に住む。,ふもと
two,yomi,道理を,会得,する。,えとく
two,yomi,,絶崖,からの景色。,ぜつがい
two,yomi,,采配,を振る。,さいはい
two,yomi,,罵言,を吐く。,ばげん
two,yomi,,端数,が出ないようにする。,はすう
two,yomi,,漸進,的に改善される。,ぜんしん
two,yomi,,造詣,が深い。,ぞうけい
two,yomi,,偽,の名前を名乗る。,にせ
two,yomi,現場を,宰領,する。,さいりょう
two,yomi,,瓦石,に等しい。,がせき
two,yomi,薄暗い,洞窟,。,どうくつ
two,yomi,通路を,塞ぐ,。,ふさぐ
two,yomi,,煎餅,を二つに割る。,せんべい
two,yomi,,椎間板,ヘルニアの治療を受ける。,ついかんばん
two,yomi,,養蜂場,を経営する。,ようほうじょう
two,yomi,,両脇,を締める。,りょうわき
two,yomi,彼に,比肩,する者はいない。,ひけん
two,yomi,,骸骨,のようにやせ細っている。,がいこつ
two,yomi,,要塞,を攻撃する。,ようさい
two,yomi,めっきを,剥離,する。,はくり
two,yomi,,書棚,に本を戻す。,しょだな
two,yomi,,醜聞,を流す。,しゅうぶん
two,yomi,相手に,隙,を与えない。,すき
two,yomi,,廃屋,同然の建物。,はいおく
two,yomi,人を恐怖に,陥れる,。,おとしいれる
two,yomi,敵を,潰敗,させる。,かいはい
two,yomi,霊山浄土に,往詣,することができる。,おうけい
two,yomi,,鉄柵,を設ける。,てっさく
two,yomi,兄弟が多くて,羨ましい,。,うらやましい
two,yomi,,爪弾き,にされる。,つまはじき
two,yomi,,美貌,と知性をあわせ持つ女性。,びぼう
two,yomi,,閑却,できない状況。,かんきゃく
two,yomi,,偏狭,な考え方。,へんきょう
two,yomi,,葛根湯,を飲む。,かっこんとう
two,yomi,後輩を,叱責,する。,しっせき
two,yomi,,鏡餅,を飾る。,かがみもち
two,yomi,試験に,頻出,する問題。,ひんしゅつ
two,yomi,金の,亡者,と呼ばれる。,もうじゃ
two,yomi,,傲慢,な態度。,ごうまん
two,yomi,,長患い,で体力が落ちる。,ながわずらい
two,yomi,三週間の入院で,平癒,した。,へいゆ
two,yomi,よく,諧和,している。,かいわ
two,yomi,,稽古,に励む。,けいこ
two,yomi,,古刹,を巡る。,こさつ
two,yomi,植物の,腺毛,。,せんもう
two,yomi,,諦め,が肝心だ。,あきらめ
two,yomi,,親睦,を深める。,しんぼく
two,yomi,形式に,拘泥,する。,こうでい
two,yomi,,媒酌,の労をとる。,ばいしゃく
two,yomi,小説を,玩読,する。,がんどく
two,yomi,,凄然,とした雰囲気。,せいぜん
two,yomi,人を,軽蔑,してはいけない。,けいべつ
two,yomi,里芋の,茎,。,くき
two,yomi,,崇高,な精神の持ち主。,すうこう
two,yomi,,爽涼,の候。,そうりょう
two,yomi,機械を,据える,。,すえる
two,yomi,多くの,俊才,を出している学校。,しゅんさい
two,yomi,,崖下,に海が広がる。,がいか（がけした）
two,yomi,,空隙,を埋める。,くうげき
two,yomi,侵略を,恣行,した。,しこう
two,yomi,原因を,詮索,する。,せんさく
two,yomi,酒に,溺れる,。,おぼれる
two,yomi,企業熱が,勃興,した。,ぼっこう
two,yomi,動力の伝達量を,漸増,させる。,ぜんぞう
two,yomi,,荘重,な式典。,そうちょう
two,yomi,突然の,失跡,事件から一年が経過した。,しっせき
two,yomi,,毀誉,は他人の主張。,きよ
two,yomi,,煎茶,を飲む。,せんちゃ
two,yomi,堂々たる,風貌,。,ふうぼう
two,yomi,アイドルの恋愛は,御法度,だ。,ごはっと
two,yomi,人のミスを,嘲笑,する。,ちょうしょう
two,yomi,,弊社,の製品のご紹介です。,へいしゃ
two,yomi,多くの作品が海外に,散逸,した。,さんいつ
two,yomi,戦いの,火蓋,は切られた。,ひぶた
two,yomi,,桁違い,の金額。,けたちがい
two,yomi,,摯実,な青年。,しじつ
two,yomi,一枚の,便箋,。,びんせん
two,yomi,弾を,装填,する。,そうてん
two,yomi,,愚昧,な連中。,ぐまい
two,yomi,世界一周の,壮図,を抱く。,そうと
two,yomi,激しい,嫌悪,を感じる。,けんお
two,yomi,乾杯の,音頭,を取る。,おんど
two,yomi,,僅かな,材料しか残っていない。,わずかな
two,yomi,,所詮,そんなものだ。,しょせん
two,yomi,,冥利,に尽きる。,みょうり
two,yomi,ぜひ,拙宅,へお越し下さい。,せったく
two,yomi,話を,諦聴,する。,ていちょう
two,yomi,債務を支払うように,督促,する。,とくそく
two,yomi,カラスが,営巣,する。,えいそう
two,yomi,海底から船の,残骸,が引き上げられた。,ざんがい
two,yomi,ピアノの,黒鍵,。,こっけん
two,yomi,マスコミの,好餌,となる。,こうじ
two,yomi,要人が,狙撃,される。,そげき
two,yomi,,賭け事,にのめり込む。,かけごと
two,yomi,,冥土,の道に王はなし。,めいど
two,yomi,,旋風,を巻き起こす。,せんぷう
two,yomi,,罪業,を重ねる。,ざいごう
two,yomi,年齢を,詐称,する。,さしょう
two,yomi,,錦秋,の候。,きんしゅう
two,yomi,魚が河川を,遡上,する。,そじょう
two,yomi,,豊沃,な土地。,ほうよく
two,yomi,国家の,安泰,を願う。,あんたい
two,yomi,,衷心,より感謝申し上げます。,ちゅうしん
two,yomi,,頓知,を働かせる。,とんち
two,yomi,,一献,傾ける。,いっこん
two,yomi,,施主,と業者。,せしゅ
two,yomi,,顎関節,症を治療する。,がくかんせつ
two,yomi,岸に,接舷,する。,せつげん
two,yomi,部下を,叱る,。,しかる
two,yomi,川を,遡る,魚。,さかのぼる
two,yomi,本棚を,整頓,する。,せいとん
two,yomi,,冶金学,を学ぶ。,やきんがく
two,yomi,発熱と,悪寒,がする。,おかん
two,yomi,力を,顕示,する。,けんじ
two,yomi,安全,且つ,効率的な物流。,かつ
two,yomi,将来を,憂惧,する。,ゆうぐ
two,yomi,,爽昧,の気。,そうまい
two,yomi,,辛辣,な言葉。,しんらつ
two,yomi,物事の根源を,窮める,。,きわめる
two,yomi,パンフレットの,頒価,を変更する。,はんか
two,yomi,,罵声,を浴びせる。,ばせい
two,yomi,,舌禍,を招く。,ぜっか
two,yomi,大声で,罵倒,される。,ばとう
two,yomi,,葛湯,を飲む。,くずゆ
two,yomi,,虎威,を張る。,こい
two,yomi,,叱声,が飛ぶ。,しっせい
two,yomi,,爽快,な気分。,そうかい
two,yomi,,貪欲,な姿勢。,どんよく
two,yomi,,弥生,時代の土器。,やよい
two,yomi,,脚立,に登る。,きゃたつ
two,yomi,,泥縄,式の勉強。,どろなわ
two,yomi,天下に,喝破,すべき真理。,かっぱ
two,yomi,,偏窟,な人間。,へんくつ
two,yomi,健康的に,痩せる,方法を探す。,やせる
two,yomi,,藍色,のカーテン。,あいいろ（らんしょく）
two,yomi,呉服屋で,反物,を買った。,たんもの
two,yomi,新機能を,搭載,した携帯電話。,とうさい
two,yomi,,灯籠,に絵を書く。,とうろう
two,yomi,作家になる夢を,諦念,した。,ていねん
two,yomi,,鎌首,をもたげる。,かまくび
two,yomi,,勾配,を登る。,こうばい
two,yomi,他人の成功を,嫉妬,する。,しっと
two,yomi,夏に向けて,痩身,する。,そうしん
two,yomi,公の場で人を,罵る,。,ののしる
two,yomi,,闇夜,に目あり。,やみよ
two,yomi,先例に,倣う,。,ならう
pre_two,yomi,道を尋ねると,丁寧,に案内してくれた。,ていねい
pre_two,yomi,衝撃事件の,核心,に迫る。,かくしん
pre_two,yomi,すべての部署を,統轄,することは難しい。,とうかつ
pre_two,yomi,,叙景,にすぐれた作品である。,じょけい
pre_two,yomi,貸出物の返却を,督促,する。,とくそく
pre_two,yomi,上司だからといって,盲従,してはいけない。,もうじゅう
pre_two,yomi,必要な情報は全て,網羅,されている。,もうら
pre_two,yomi,公園は,閑散,としている。,かんさん
pre_two,yomi,,厄介,な事件に巻き込まれてしまった。,やっかい
pre_two,yomi,寺で,座禅,を組む。,ざぜん
pre_two,yomi,当選の,暁,には良い社会を作ることをお約束します。,あかつき
pre_two,yomi,ご注文を,承り,ました。,うけたまわり
pre_two,yomi,アメリカ経済の影響を受けて円が,騰貴,した。,とうき
pre_two,yomi,料亭では,吟味,された食材が使われている。,ぎんみ
pre_two,yomi,山の上からは農繁期を迎えた,棚田,が見える。,たなだ
pre_two,yomi,非難の,矢面,に立って答弁する。,やおもて
pre_two,yomi,顔の,輪郭,は人それぞれ違う。,りんかく
pre_two,yomi,映画が,潤色,された後公開された。,じゅんしょく
pre_two,yomi,吐き気と,下痢,の症状が出る。,げり
pre_two,yomi,話題のゲームの発売に,長蛇,の列ができた。,ちょうだ
pre_two,yomi,感動の,余韻,にひたる。,よいん
pre_two,yomi,手引書通りに,実践,することは難しい。,じっせん
pre_two,yomi,,血眼,になって捜し回る。,ちまなこ
pre_two,yomi,面倒な手続きを,全廃,する。,ぜんぱい
pre_two,yomi,輸出入に関する条約を,批准,する。,ひじゅん
pre_two,yomi,入院中の,叔父,のお見舞いにいく。,おじ
pre_two,yomi,かつては財閥の,総帥,であった。,そうすい
pre_two,yomi,本説から多くの,亜流,が生まれた。,ありゅう
pre_two,yomi,店に着いたころには,既,に売り切れていた。,すで
pre_two,yomi,親しい友人との別れは,名残,惜しい。,なごり
pre_two,yomi,読むまでもない,駄文,だ。,だぶん
pre_two,yomi,手術のため,麻酔,の注射を打つ。,ますい
pre_two,yomi,書籍を,謹呈,いたします。,きんてい
pre_two,yomi,タイヤが,溝,に落ちる。,みぞ
pre_two,yomi,気難しくて,偏屈,な人だ。,へんくつ
pre_two,yomi,大衆の前で,醜態,をさらす。,しゅうたい
pre_two,yomi,,派閥,争いは嫌いだ。,はばつ
pre_two,yomi,学生にとって,寮母,の助けはとても有り難い。,りょうぼ
pre_two,yomi,新型のエンジンを,搭載,している。,とうさい
pre_two,yomi,取引方法は,定款,によって定められている。,ていかん
pre_two,yomi,となりの家との間には,垣根,がある。,かきね
pre_two,yomi,,享年,二十五の若さであった。,きょうねん
pre_two,yomi,部長を,補佐,するのが役目だ。,ほさ
pre_two,yomi,,亜鉛,を含んだ健康食品がブームだ。,あえん
pre_two,yomi,学生時代から,懇意,にしている。,こんい
pre_two,yomi,チームメイトの中で一番の,俊足,だ。,しゅんそく
pre_two,yomi,金庫のお金が,窃取,された。,せっしゅ
pre_two,yomi,予算の,大枠,が決まる。,おおわく
pre_two,yomi,さらなる,災禍,を招きかねない。,さいか
pre_two,yomi,戸籍,抄本,を交付する。,しょうほん
pre_two,yomi,,睡魔,に襲われる。,すいま
pre_two,yomi,,褒美,を与える。,ほうび
pre_two,yomi,,盆栽,の手入れをする。,ぼんさい
pre_two,yomi,登記を,抹消,する。,まっしょう
pre_two,yomi,,愉悦,を覚える。,ゆえつ
pre_two,yomi,,迅速,な対応が求められる。,じんそく
pre_two,yomi,,詐欺,に注意する。,さぎ
pre_two,yomi,必要性を,示唆,する。,しさ
pre_two,yomi,,報酬,を与える。,ほうしゅう
pre_two,yomi,,禍根,を絶つ。,かこん
pre_two,yomi,彼は,頑丈,な体格をしている。,がんじょう
pre_two,yomi,カの,媒介,で伝染する。,ばいかい
pre_two,yomi,財政が,窮迫,している。,きゅうはく
pre_two,yomi,,寡少,な人数で戦う。,かしょう
pre_two,yomi,新聞二紙を,併読,している。,へいどく
pre_two,yomi,,安逸,をむさぼる。,あんいつ
pre_two,yomi,同じことをさせても,巧拙,がある。,こうせつ
pre_two,yomi,父が,還暦,を迎えた。,かんれき
pre_two,yomi,,献身,的な支援に感謝します。,けんしん
pre_two,yomi,家宅,捜索,を行う。,そうさく
pre_two,yomi,大男が,相撲,をとる。,すもう
pre_two,yomi,大会に,旋風,を巻き起こす。,せんぷう
pre_two,yomi,この製品は,弊社,のものです。,へいしゃ
pre_two,yomi,敵を,駆逐,する。,くちく
pre_two,yomi,この競技の,覇者,は彼だ。,はしゃ
pre_two,yomi,記号を,羅列,する。,られつ
pre_two,yomi,,空疎,な議論を繰り返す。,くうそ
pre_two,yomi,二人の性格は,酷似,している。,こくじ
pre_two,yomi,旅行に行くことを,自粛,した。,じしゅく
pre_two,yomi,あまり,干渉,しないでいただきたい。,かんしょう
pre_two,yomi,ご,壮健,でなによりです。,そうけん
pre_two,yomi,馬の,手綱,を引く。,たづな
pre_two,yomi,この部分の説明は,割愛,します。,かつあい
pre_two,yomi,彼の,自叙伝,が発売された。,じじょでん
pre_two,yomi,その言葉に非常に,感銘,を受けた。,かんめい
pre_two,yomi,服が,挟まって,しまった。,はさまって
pre_two,yomi,道端に,人垣,ができる。,ひとがき
pre_two,yomi,,鳥肌,が立つ。,とりはだ
pre_two,yomi,,徹底,して行う。,てってい
pre_two,yomi,嫁の,機嫌,を取るのは難しい。,きげん
pre_two,yomi,,荒涼,たる大地に立つ。,こうりょう
pre_two,yomi,彼にとっては,苦渋,の選択だった。,くじゅう
pre_two,yomi,,克己心,を強く持つことが大事だ。,こっきしん
pre_two,yomi,あきらめずに,挑戦,し続ける。,ちょうせん
pre_two,yomi,そんなことを聞くのは,野暮,だ。,やぼ
pre_two,yomi,父は,剛直,な人物だ。,ごうちょく
pre_two,yomi,,貝塚,を発掘する。,かいづか
pre_two,yomi,彼は,閑職,に退いた。,かんしょく
pre_two,yomi,,最寄,りの駅で待ち合わせする。,もよ
pre_two,yomi,そろそろ,戻り,ましょう。,もどり
pre_two,yomi,氷を,砕いて,ジュースに入れる。,くだいて
pre_two,yomi,上司は胆の,据わって,いる。,すわって
pre_two,yomi,彼の,唇,が震えた。,くちびる
pre_two,yomi,実験で魚の,解剖,を行った。,かいぼう
pre_two,yomi,王に忠誠を,誓う,。,ちかう
pre_two,yomi,大臣を,更迭,する。,こうてつ
pre_two,yomi,山頂からの,眺望,は素晴らしい。,ちょうぼう
pre_two,yomi,ビジネスを,拡充,する。,かくじゅう
pre_two,yomi,これらは自然,治癒,力を引き出すものです。,ちゆ
pre_two,yomi,犯人の要求を,拒む,。,こばむ
pre_two,yomi,部屋の,扉,が開かない。,とびら
pre_two,yomi,借用金を,償却,する。,しょうきゃく
pre_two,yomi,休日は,惰眠,をむさぼる。,だみん
pre_two,yomi,銀行からの,融資,を受ける。,ゆうし
pre_two,yomi,絵本の,挿し,絵を描く。,さし
pre_two,yomi,,真偽,のほどが定かではない。,しんぎ
pre_two,yomi,,遺憾,の意を表明する。,いかん
pre_two,yomi,諸問題を,包括,して取り扱う。,ほうかつ
pre_two,yomi,,中庸,を得ることが大事だ。,ちゅうよう
pre_two,yomi,その土地を離れるのは,名残,惜しい。,なごり
pre_two,yomi,兆候が,顕著,に現れる。,けんちょ
pre_two,yomi,村が,竜巻,に巻き込まれた。,たつまき
pre_two,yomi,,均衡,が保たれている。,きんこう
pre_two,yomi,,憂愁,にしずんで海をながめる。,ゆうしゅう
pre_two,yomi,購読している雑誌が,廃刊,になった。,はいかん
pre_two,yomi,パネルを,洗浄,する。,せんじょう
pre_two,yomi,政治家が,収賄,の罪に問われた。,しゅうわい
pre_two,yomi,一気に敗色,濃厚,となった。,のうこう
pre_two,yomi,,岬,をまわって航海する。,みさき
pre_two,yomi,,雑菌,が多く含まれている。,ざっきん
pre_two,yomi,事態を,把握,しきれていない。,はあく
pre_two,yomi,最後に味を,調える,。,ととのえる
pre_two,yomi,事故のため交通を,遮断,する。,しゃだん
pre_two,yomi,,悠久,の時が流れた。,ゆうきゅう
pre_two,yomi,,乙女,心はわからない。,おとめ
pre_two,yomi,,国賓,として招待される。,こくひん
pre_two,yomi,不祥事を起こして,懲戒,免職となる。,ちょうかい
pre_two,yomi,,艦艇,を保有する。,かんてい
pre_two,yomi,幸いにも,軽症,で済んだ。,けいしょう
pre_two,yomi,観光船が,波止場,に着いた。,はとば
pre_two,yomi,ボートが,岩礁,にぶつかった。,がんしょう
pre_two,yomi,敵の館に,忍び,込む。,しのび
pre_two,yomi,多くの子供達が,飢えて,いる。,うえて
pre_two,yomi,毎朝,釣り,に出かける。,つり
pre_two,yomi,,窯,で陶器を焼く。,かま
pre_two,yomi,火災で貴重な資料を,焼失,した。,しょうしつ
pre_two,yomi,両者の意見を,折衷,する。,せっちゅう
pre_two,yomi,,杉並木,の続く道を歩く。,すぎなみき
pre_two,yomi,必要な科目を,履修,する。,りしゅう
pre_two,yomi,この作品は見るに,堪えない,。,たえない
pre_two,yomi,,紳士,らしい対応をする。,しんし
pre_two,yomi,,体臭,がきつい。,たいしゅう
pre_two,yomi,兄が,喪主,を務める。,もしゅ
pre_two,yomi,,係累,が多いのでにぎやかだ。,けいるい
pre_two,yomi,,肯定,意見の方が多い。,こうてい
pre_two,yomi,天皇陛下から勲章を,賜る,。,たまわる
pre_two,yomi,,推薦,入試で合格する。,すいせん
pre_two,yomi,,傘,を忘れてしまった。,かさ
pre_two,yomi,この,反物,は染めがよい。,たんもの
pre_two,yomi,この地域に古くから伝わる,童話,がある。,どうわ
pre_two,yomi,震災により被害を,被る,。,こうむる
pre_two,yomi,申請書の,頒価,は百円です。,はんか
pre_two,yomi,,広漠,とした草原を歩く。,こうばく
pre_two,yomi,新居の,棟上げ,が楽しみだ。,むねあげ
pre_two,yomi,情状,酌量,すべき事情がある。,しゃくりょう
pre_two,yomi,これが書類の,謄本,です。,とうほん
pre_two,yomi,彼が後を継げば,安泰,だ。,あんたい
pre_two,yomi,,靴擦れ,が痛い。,くつずれ
pre_two,yomi,,漆塗り,の重箱に詰める。,うるしぬり
pre_two,yomi,ナスがほどよく,漬かる,。,つかる
pre_two,yomi,この街では,紡績,が盛んだ。,ぼうせき
pre_two,yomi,病院で,診察,を受ける。,しんさつ
pre_two,yomi,水の,沸点,はセ氏約100度だ。,ふってん
pre_two,yomi,,川柳,を読むのが趣味だ。,せんりゅう
pre_two,yomi,雑誌を毎月,購読,している。,こうどく
pre_two,yomi,敷地に対して,建坪,が広い。,たてつぼ
pre_two,yomi,高齢者の人口が,漸次,増加している。,ぜんじ
pre_two,yomi,事業に成功して大金を,稼ぐ,。,かせぐ
pre_two,yomi,必要,且つ,十分な条件だ。,かつ
pre_two,yomi,かなりの時間を,費やした,。,ついやした
pre_two,yomi,遺族に対して,弔い,の言葉を述べる。,とむらい
pre_two,yomi,,大和,魂を見せつけろ。,やまと
pre_two,yomi,危ない時は,助太刀,に行く。,すけだち
pre_two,yomi,行動パターンを,解析,する。,かいせき
pre_two,yomi,,爵位,を授けられる。,しゃくい
pre_two,yomi,組織の,枢要,な地位に就く。,すうよう
pre_two,yomi,この地域は,租借,地だ。,そしゃく
pre_two,yomi,原稿用紙の,升目,を埋める。,ますめ
pre_two,yomi,国歌を,斉唱,する。,せいしょう
pre_two,yomi,,銃口,を向けられて動けない。,じゅうこう
pre_two,yomi,素直で,質朴,な性格だ。,しつぼく
pre_two,yomi,情報が,筒抜け,になっていた。,つつぬけ
pre_two,yomi,ひどい扱いに,憤慨,する。,ふんがい
pre_two,yomi,,足袋,をはきかえる。,たび
pre_two,yomi,お,遍路,さんの一行は四国へと向かった。,へんろ
pre_two,yomi,,縄文,時代の遺跡を発掘する。,じょうもん
pre_two,yomi,他民族を,侮辱,する。,ぶじょく
pre_two,yomi,非常に面倒で,煩わしい,。,わずらわしい
pre_two,yomi,機は,熟した,。,じゅくした
pre_two,yomi,この,系譜,についての詳細は不明だ。,けいふ
pre_two,yomi,,洪水,の被害を受けた。,こうずい
pre_two,yomi,あくまで,推奨,される値です。,すいしょう
pre_two,yomi,,木琴,を演奏する。,もっきん
pre_two,yomi,,江戸,時代の出来事だ。,えど
pre_two,yomi,盲目的に,崇拝,する。,すうはい
pre_two,yomi,その決断は時期,尚早,です。,しょうそう
pre_two,yomi,彼らはそれを,渇望,する。,かつぼう
pre_two,yomi,,触媒,に白金を用いる。,しょくばい
pre_two,yomi,父の,書斎,には入ってはいけない。,しょさい
pre_two,yomi,彼は,王侯,の性質がある。,おうこう
pre_two,yomi,,謹んで,申し上げます。,つつしんで
pre_two,yomi,視力,矯正,をする。,きょうせい
pre_two,yomi,一生,懸命,頑張った結果がでた。,けんめい
pre_two,yomi,供給が,過剰,となる。,かじょう
pre_two,yomi,,滋養,のある食べ物だ。,じよう
pre_two,yomi,,婚姻,届を提出に行く。,こんいん
pre_two,yomi,妻が,妊娠,した。,にんしん
pre_two,yomi,,歯茎,から血がでる。,はぐき
pre_two,yomi,チームの勝利に,貢献,する。,こうけん
pre_two,yomi,,模擬,試験を受ける。,もぎ
pre_two,yomi,,囲碁,は得意です。,いご
pre_two,yomi,多くの,殉職,者を出してしまった。,じゅんしょく
pre_two,yomi,,干潟,が一気に縮小する。,ひがた
pre_two,yomi,欠点が,露呈,してしまった。,ろてい
pre_two,yomi,,選択肢,がなかった。,せんたくし
pre_two,yomi,,襟元,にゴミがついてますよ。,えりもと
pre_two,yomi,,蚊,に首を刺された。,か
pre_two,yomi,,戦禍,に巻き込まれる。,せんか
pre_two,yomi,彼は,豪傑,として有名だった。,ごうけつ
pre_two,yomi,,儒教,を研究する。,じゅきょう
pre_two,yomi,功労者を,表彰,する。,ひょうしょう
pre_two,yomi,,昆虫,は苦手です。,こんちゅう
pre_two,yomi,,謙虚,な姿勢が気に入られた。,けんきょ
pre_two,yomi,,酢酸,が含まれている。,さくさん
pre_two,yomi,人をバカにするのも,甚だしい,。,はなはだしい
pre_two,yomi,,管弦,楽団に入りたい。,かんげん
pre_two,yomi,学生時代が,懐かしい,。,なつかしい
pre_two,yomi,,戸棚,を空にする。,とだな
pre_two,yomi,,詔書,の偽造は重罪だ。,しょうしょ
pre_two,yomi,野生動物が,威嚇,してきた。,いかく
pre_two,yomi,社会の不正を,糾弾,する。,きゅうだん
pre_two,yomi,,吟醸,酒を飲む。,ぎんじょう
pre_two,yomi,,患者,の容体が急変する。,かんじゃ
pre_two,yomi,砂浜で,貝殻,を拾う。,かいがら
pre_two,yomi,部屋の,隅々,まで掃除した。,すみずみ
pre_two,yomi,会社を相手取って,訴訟,を起こした。,そしょう
pre_two,yomi,失敗の,虞,がある。,おそれ
pre_two,yomi,,閑古鳥,が鳴いている。,かんこどり
pre_two,yomi,,桟橋,を渡る。,さんばし
pre_two,yomi,彼の,急逝,は痛恨の極みであった。,きゅうせい
pre_two,yomi,大量の,欠陥,品を引き取る。,けっかん
pre_two,yomi,,寛大,な処置をとる。,かんだい
pre_two,yomi,,肖像画,を描く。,しょうぞうが
pre_two,yomi,,刃物,を研ぐ。,はもの
pre_two,yomi,子供を,塾,に通わせる。,じゅく
pre_two,yomi,彼の方が,若干,有利ではある。,じゃっかん
pre_two,yomi,二つを,併用,する。,へいよう
pre_two,yomi,肌が,褐色,に焼けた。,かっしょく
pre_two,yomi,,宵の口,から眠たがる。,よいのくち
pre_two,yomi,,慶賀,に堪えません。,けいが
pre_two,yomi,,納棺,に立ち会う。,のうかん
pre_two,yomi,秋風が,浦,に吹く。,うら
pre_two,yomi,彼は,宰相,たるべき器量を持っている。,さいしょう
pre_two,yomi,彼には,恐喝,の容疑もかかっている。,きょうかつ
pre_two,yomi,文化の,発祥,の地だ。,はっしょう
pre_two,yomi,雪の残る,山肌,。,やまはだ
pre_two,yomi,魚を,薫製,にする。,くんせい
pre_two,yomi,,勲章,を授ける。,くんしょう
pre_two,yomi,,畝,のある生地だ。,うね
pre_two,yomi,血液を,循環,させる。,じゅんかん
pre_two,yomi,高価な,真珠,のネックレスだ。,しんじゅ
pre_two,yomi,表面の,凹凸,が少ない。,おうとつ
pre_two,yomi,彼は,天涯,孤独の身だったようだ。,てんがい
pre_two,yomi,,継嗣,争いで社会情勢が不安定であった。,けいし
pre_two,yomi,できる限りの,便宜,を図る。,べんぎ
pre_two,yomi,将軍から,謁見,が許された。,えっけん
pre_two,yomi,,硝煙,反応が残っていた。,しょうえん
pre_two,yomi,かつては,拷問,に使用されていた。,ごうもん
pre_two,yomi,条約の,約款,に違反する。,やっかん
pre_two,yomi,女性は,化粧,で顔が変わる。,けしょう
pre_two,yomi,水の流れる,渓谷,。,けいこく
pre_two,yomi,隣の高校とは,犬猿,の仲だ。,けんえん
pre_two,yomi,,苦汁,を飲まされる。,くじゅう
pre_two,yomi,,平衡,感覚が優れている。,へいこう
pre_two,yomi,彼は戦時中に,大尉,まで上り詰めた。,たいい
pre_two,yomi,,緒戦,においては優勢であった。,しょせん
pre_two,yomi,,疫病,が流行する。,えきびょう
pre_two,yomi,,囚人,が脱走する。,しゅうじん
pre_two,yomi,,缶詰,が開けられない。,かんづめ
pre_two,yomi,なんともひねくれた,老翁,だ。,ろうおう
pre_two,yomi,,恭順,な態度をとる。,きょうじゅん
pre_two,yomi,,誘拐,犯が逮捕された。,ゆうかい
pre_two,yomi,実家は,呉服,屋です。,ごふく
pre_two,yomi,,玉璽,だけは奪われてはいけません。,ぎょくじ
pre_two,yomi,,蛍光灯,を交換する。,けいこうとう
pre_two,yomi,地質の悪い,土壌,だ。,どじょう
pre_two,yomi,,庶民,の生活が染みついている。,しょみん
pre_two,yomi,彼の物語はとても,愉快,だ。,ゆかい
pre_two,yomi,,淑女,としての振る舞い。,しゅくじょ
pre_two,yomi,判事を,弾劾,する。,だんがい
pre_two,yomi,この街の,秩序,を守る。,ちつじょ
pre_two,yomi,,悠長,なことを言っている時ではない。,ゆうちょう
pre_two,yomi,,浴槽,にお湯を入れる。,よくそう
pre_two,yomi,,仙人,の住む山がある。,せんにん
pre_two,yomi,あの事件以来、社内の,雰囲気,が悪い。,ふんいき
pre_two,yomi,,唯一,彼が勝てなかった相手だ。,ゆいいつ
pre_two,yomi,気合いを入れて,鉢巻,を巻く。,はちまき
pre_two,yomi,,妥協,点を見つける。,だきょう
pre_two,yomi,,主賓,のスピーチを聞く。,しゅひん
pre_two,yomi,その言い方では,語弊,がある。,ごへい
pre_two,yomi,,尼寺,に入る。,あまでら
pre_two,yomi,,硫酸,の取扱いに注意しなければいけない。,りゅうさん
pre_two,yomi,,懇談,会を開く。,こんだん
pre_two,yomi,庭で果物を,栽培,する。,さいばい
pre_two,yomi,,勅命,の内容を伝える。,ちょくめい
pre_two,yomi,小学校の,教諭,を目指す。,きょうゆ
pre_two,yomi,彼はとても,繊細,な人だ。,せんさい
pre_two,yomi,,嫌気,が差してきた。,いやけ
pre_two,yomi,,静粛,にしてください。,せいしゅく
pre_two,yomi,町が,津波,に襲われる。,つなみ
pre_two,yomi,,繭,から蚕が出てくる。,まゆ
pre_two,yomi,状況が悪いので一時,撤退,する。,てったい
pre_two,yomi,,献血,に行ってきた。,けんけつ
pre_two,yomi,,画伯,に似顔絵を描いてもらう。,がはく
pre_two,yomi,将軍家の,嫡子,として生まれる。,ちゃくし
pre_two,yomi,運動する前は,柔軟,をかかさないように。,じゅうなん
pre_two,yomi,隣町は,管轄,外だ。,かんかつ
pre_two,yomi,,板塀,として機能している。,いたべい
pre_two,yomi,,駄弁,をろうする。,だべん
pre_two,yomi,隠し芸を,披露,する。,ひろう
pre_two,yomi,,船舶,免許を取得した。,せんぱく
pre_two,yomi,河川には,自浄,作用がある。,じじょう
pre_two,yomi,迷子を見つけようと町を,捜索,した。,そうさく
pre_two,yomi,,海藻,がよくとれる季節だ。,かいそう
pre_two,yomi,仕事の,愚痴,をこぼす。,ぐち
pre_two,yomi,裁判に,出廷,してください。,しゅってい
pre_two,yomi,,虚偽,の申し立てをする。,きょぎ
pre_two,yomi,とても,貞淑,な女性だ。,ていしゅく
pre_two,yomi,,豪邸,に住んでいる。,ごうてい
pre_two,yomi,,抗菌,加工を施している。,こうきん
pre_two,yomi,,追悼,式を行う。,ついとう
pre_two,yomi,,盗塁,に成功する。,とうるい
pre_two,yomi,栄養の,偏った,食生活だ。,かたよった
pre_two,yomi,それはあなたの被害,妄想,だ。,もうそう
pre_two,yomi,自覚,症状,がある。,しょうじょう
pre_two,yomi,新しい,紙幣,が発行された。,しへい
pre_two,yomi,地震が,頻発,している。,ひんぱつ
pre_two,yomi,,同僚,より出世が早い。,どうりょう
pre_two,yomi,,一泡,吹かせてやりたい。,ひとあわ
pre_two,yomi,,麻,で作った縄を用いる。,あさ
pre_two,yomi,金属を,磨く,。,みがく
pre_two,yomi,,摩擦,でタイヤがすり減る。,まさつ
pre_two,yomi,彼女は,亭主,を頼りにしている。,ていしゅ
pre_two,yomi,柔らかい粘土で小さな,塑像,を作った。,そぞう
pre_two,yomi,解決策を,模索,している。,もさく
pre_two,yomi,,猫舌,なので冷めるまで待ちます。,ねこじた
pre_two,yomi,問題点が,顕在,化する。,けんざい
pre_two,yomi,野球選手の,年俸,は高い。,ねんぽう
pre_two,yomi,,捕虜,を解放する。,ほりょ
pre_two,yomi,,首肯,しかねる提案だ。,しゅこう
pre_two,yomi,,外堀,から埋める。,そとぼり
pre_two,yomi,子供は,褒めて,育てるほうがよい。,ほめて
pre_two,yomi,,予鈴,が鳴ったから戻ろう。,よれい
pre_two,yomi,,罷業,者たちは賃金値上げを要求していた。,ひぎょう
pre_two,yomi,,花瓶,に花を挿す。,かびん
pre_two,yomi,,自堕落,な生活を送る。,じだらく
pre_two,yomi,物質が,融合,する。,ゆうごう
pre_two,yomi,,裕福,な家庭に生まれた。,ゆうふく
pre_two,yomi,,但し,書きを加える。,ただし
pre_two,yomi,,盲導犬,としての訓練を受ける。,もうどうけん
pre_two,yomi,あなたに,猶予,を与えます。,ゆうよ
pre_two,yomi,相手の,挑発,に乗ってしまった。,ちょうはつ
pre_two,yomi,,酪農家,として第二の人生を始める。,らくのうか
pre_two,yomi,人里離れた,山荘,に泊まる。,さんそう
pre_two,yomi,時代の,変遷,と共に人の生活も変わる。,へんせん
pre_two,yomi,,洞くつ,を探検する。,どうくつ
pre_two,yomi,,誓約書,にサインをした。,せいやくしょ
pre_two,yomi,,探偵,を雇って調査する。,たんてい
pre_two,yomi,争いが,泥沼,化してきた。,どろぬま
pre_two,yomi,,一升瓶,を空にする。,いっしょうびん
pre_two,yomi,自由,奔放,な生活。,ほんぽう
pre_two,yomi,常識から,逸脱,している。,いつだつ
pre_two,yomi,修理は,有償,となります。,ゆうしょう
pre_two,yomi,,洗濯機,を購入する。,せんたくき
pre_two,yomi,,公僕,もまた人間である。,こうぼく
pre_two,yomi,,駐屯地,に到着する。,ちゅうとんち
pre_two,yomi,,大雑把,な性格だ。,おおざっぱ
pre_two,yomi,,倫理,的な問題が残る。,りんり
pre_two,yomi,,王妃,として成熟し始める。,おうひ
pre_two,yomi,津波は地震に,付随,して発生する。,ふずい
pre_two,yomi,,消火栓,の近くに車を停めてはいけません。,しょうかせん
pre_two,yomi,もう,後戻り,できない。,あともどり
pre_two,yomi,毎年収穫量が,逓減,する。,ていげん
pre_two,yomi,彼には,扶養,家族が二人いる。,ふよう
pre_two,yomi,,楽譜,が読めない。,がくふ
pre_two,yomi,最後に,重曹,を加える。,じゅうそう
pre_two,yomi,,霜害,により多大な被害が出る。,そうがい
pre_two,yomi,かつて,朕,という一人称が使われていた。,ちん
pre_two,yomi,,賠償,を要求する。,ばいしょう
pre_two,yomi,彼には,懲役,刑が言い渡された。,ちょうえき
pre_two,yomi,風邪気味なので医者に,診て,もらおう。,みて
pre_two,yomi,生活が,困窮,する。,こんきゅう
pre_two,yomi,この船の,艦長,となる。,かんちょう
pre_two,yomi,,納涼,に出かける。,のうりょう
pre_two,yomi,進度については,逐次,お知らせします。,ちくじ
pre_two,yomi,,苦衷,を察する。,くちゅう
pre_two,yomi,,漆黒,の髪がきれいだ。,しっこく
pre_two,yomi,功績をたたえられ,男爵,となった。,だんしゃく
pre_two,yomi,綿と毛を,混紡,した布を用いる。,こんぼう
pre_two,yomi,,飢餓,に苦しむ。,きが
pre_two,yomi,敵の戦力を,分析,する。,ぶんせき
pre_two,yomi,今日は,叔母,の家に泊まる。,おば
pre_two,yomi,ごみ捨て場が,臭い,。,くさい
pre_two,yomi,暑いから,水筒,を持っていきなさい。,すいとう
pre_two,yomi,向こうの岸を,眺め,る。,ながめ
pre_two,yomi,彼は,凡庸,な人物だ。,ぼんよう
pre_two,yomi,,漬物,を食べる。,つけもの
pre_two,yomi,,挿入,歌を歌っているのは有名なアーティストだ。,そうにゅう
pre_two,yomi,,慶弔,等の行事に用いられる。,けいちょう
pre_two,yomi,リーダーが皆の意見を,概括,する。,がいかつ
pre_two,yomi,毒ガスが,充満,している。,じゅうまん
pre_two,yomi,閲覧,履歴,に残っている。,りれき
pre_two,yomi,彼の歌には,哀愁,が漂っている。,あいしゅう
pre_two,yomi,非常に,壮快,な気分だ。,そうかい
pre_two,yomi,その歌手は,亜流,に過ぎない。,ありゅう
pre_two,yomi,運よく,打撲,で済んだ。,だぼく
pre_two,yomi,,泰平,の世が訪れる。,たいへい
pre_two,yomi,体力を,消耗,した。,しょうもう
pre_two,yomi,,残忍,な手口が特徴だ。,ざんにん
pre_two,yomi,毎晩の,晩酌,をかかさない。,ばんしゃく
pre_two,yomi,発言を,遮って,会議を進める。,さえぎって
pre_two,yomi,,過酷,な試練に耐えきった。,かこく
pre_two,yomi,ついつい,購入,してしまった。,こうにゅう
pre_two,yomi,,茶渋,がなかなかとれない。,ちゃしぶ
pre_two,yomi,,競艇,場はにぎやかだ。,きょうてい
pre_two,yomi,全国には多くの,窯元,が残っている。,かまもと
pre_two,yomi,目標に向かって,漸進,する。,ぜんしん
pre_two,yomi,これが,累積,で三枚目となる。,るいせき
pre_two,yomi,,狭義,の意味では含まれない。,きょうぎ
pre_two,yomi,,俊敏,な動きに惑わされる。,しゅんびん
pre_two,yomi,他社を,傘下,に収める。,さんか
pre_two,yomi,,疎遠,になった友人と連絡を取る。,そえん
pre_two,yomi,その申し出を,拒否,する。,きょひ
pre_two,yomi,山が,凸凹,している。,でこぼこ
pre_two,yomi,良い,薫り,がする。,かおり
pre_two,yomi,,鼻緒,が切れてしまった。,はなお
pre_two,yomi,,徹夜,で作業する。,てつや
pre_two,yomi,会社の,中枢,を担う。,ちゅうすう
pre_two,yomi,希望者には無料で,頒布,している。,はんぷ
pre_two,yomi,彼を責任者に,薦める,。,すすめる
pre_two,yomi,,煩忙,な時期が始まる。,はんぼう
pre_two,yomi,優勝旗を,奪還,しなければいけない。,だっかん
pre_two,yomi,腸が,癒着,している。,ゆちゃく
pre_two,yomi,地元の歴史を,懐古,する。,かいこ
pre_two,yomi,夜になると,蛍,がたくさん飛んでいる。,ほたる
pre_two,yomi,物議を,醸す,。,かもす
pre_two,yomi,地元の代表的な,銘菓,だ。,めいか
pre_two,yomi,,詩吟,を習っている。,しぎん
pre_two,yomi,,自刃,して果てる。,じじん
pre_two,yomi,,租税,を徴収する。,そぜい
pre_two,yomi,きわめて,剛健,である。,ごうけん
pre_two,yomi,決勝戦に,連覇,の期待が掛かっている。,れんぱ
pre_two,yomi,初めて,砂漠,を旅行する。,さばく
pre_two,yomi,会社の金を,拐帯,した。,かいたい
pre_two,yomi,この大会には賞金を,懸けて,いる。,かけて
pre_two,yomi,,激甚,な被害状況だ。,げきじん
pre_two,yomi,健康のためにお,酢,を飲む。,す
pre_two,yomi,この賞は作家の,登竜門,として知られている。,とうりゅうもん
pre_two,yomi,資格を,喪失,する。,そうしつ
pre_two,yomi,,泥縄,の試験勉強になってしまった。,どろなわ
pre_two,yomi,,素朴,な生活を送る。,そぼく
pre_two,yomi,岩石を,粉砕,する。,ふんさい
pre_two,yomi,彼の身勝手な行動に,憤激,する。,ふんげき
pre_two,yomi,目を,患って,通院する。,わずらって
pre_two,yomi,弓に,弦,を掛ける。,つる
pre_two,yomi,,妊婦,さんに席を譲る。,にんぷ
pre_two,yomi,その言葉は私の,琴線,に触れた。,きんせん
pre_two,yomi,彼女は違う,病棟,に入院している。,びょうとう
pre_two,yomi,全国に,遍在,する民謡。,へんざい
pre_two,yomi,,稼業,に精を出す。,かぎょう
pre_two,yomi,,合併,して今の町ができた。,がっぺい
pre_two,yomi,彫像をどこに,据える,か話し合う。,すえる
pre_two,yomi,帳簿を,謄写,する。,とうしゃ
pre_two,yomi,事故で重態に,陥る,。,おちいる
pre_two,yomi,地主に,貢ぎ,物をする。,みつぎ
pre_two,yomi,,愛猫,が逃げ出した。,あいびょう
pre_two,yomi,最近は不真面目で,惰弱,な学生が多い。,だじゃく
pre_two,yomi,,猟銃,を扱うには資格が必要だ。,りょうじゅう
pre_two,yomi,彼女は若くして,逝って,しまった。,いって
pre_two,yomi,敵を,侮る,な。,あなどる
pre_two,yomi,,頑健,な身体を持つ。,がんけん
pre_two,yomi,容姿は美しいが、内面は,醜い,人だ。,みにくい
pre_two,yomi,,寡黙,な彼にしてはよく話している。,かもく
pre_two,yomi,,恭しい,態度をとる。,うやうやしい
pre_two,yomi,お,汁粉,を食べる。,しるこ
pre_two,yomi,小型機で空を,旋回,する。,せんかい
pre_two,yomi,相手との,交渉,を進める。,こうしょう
pre_two,yomi,,一斉,に飛び出した。,いっせい
pre_two,yomi,,沸騰,したお湯を注ぐ。,ふっとう
pre_two,yomi,,塚,を築く。,つか
pre_two,yomi,,秀逸,な一品である。,しゅういつ
pre_two,yomi,交渉は,暗礁,に乗り上げる。,あんしょう
pre_two,yomi,病気に対しての,免疫,がない。,めんえき
pre_two,yomi,,蚊柱,が立つ。,かばしら
pre_two,yomi,,甲殻類,に属する。,こうかくるい
pre_two,yomi,頭の,片隅,に入れておいてください。,かたすみ
pre_two,yomi,,謙譲語,は難しい。,けんじょうご
pre_two,yomi,朝方に,霜,が降りた。,しも
pre_two,yomi,地盤が,軟らかい,。,やわらかい
pre_two,yomi,,伯父,さんが会いに来た。,おじ
pre_two,yomi,,謹慎,処分を受けた。,きんしん
pre_two,yomi,のどが,炎症,を起こしている。,えんしょう
pre_two,yomi,,猿芝居,はやめなさい。,さるしばい
pre_two,yomi,,生涯,で一度しか経験できない。,しょうがい
pre_two,yomi,のどが,渇いた,。,かわいた
pre_two,yomi,その植物には,地下茎,がある。,ちかけい
pre_two,yomi,退職して,私塾,を経営する。,しじゅく
pre_two,yomi,飲み過ぎて,泥酔,する。,でいすい
pre_two,yomi,長年,培われ,てきた伝統の技だ。,つちかわれ
pre_two,yomi,街中で友達を,鉢合わせる,。,はちあわせる
pre_two,yomi,,気泡,を除去する。,きほう
pre_two,yomi,,奇矯,な振る舞いだった。,ききょう
pre_two,yomi,問題が,紛糾,するばかりだ。,ふんきゅう
pre_two,yomi,,虜囚,を解放する。,りょしゅう
pre_two,yomi,地方の支店へ,左遷,された。,させん
pre_two,yomi,容疑者の逃走により,捜査,はより難航した。,そうさ
pre_two,yomi,,詔勅,を伝達する。,しょうちょく
pre_two,yomi,裁判官の,罷免,を要求する。,ひめん
pre_two,yomi,,官僚,として活躍する。,かんりょう
pre_two,yomi,周囲との,融和,をはかる。,ゆうわ
pre_two,yomi,,繭糸,のほぐれた状態だ。,けんし
pre_two,yomi,彼は,殊勲,選手に選ばれた。,しゅくん
pre_two,yomi,,擬似,的な役割を果たせる。,ぎじ
pre_two,yomi,,昆布,が大好物だ。,こんぶ
pre_two,yomi,,仙境,に足を踏み入れる。,せんきょう
pre_two,yomi,,妥当,性を検証する。,だとう
pre_two,yomi,敵に,密偵,を送り込む。,みってい
pre_two,yomi,,土塀,を築く。,どべい
pre_two,yomi,,摩耗,が激しい。,まもう
pre_two,yomi,,媒酌,人を務める。,ばいしゃく
pre_two,yomi,彼女を,諭す,ような眼差しを送った。,さとす
pre_two,yomi,彼の映画は,駄作,だと批評された。,ださく
pre_two,yomi,多少のミスは,寛容,する。,かんよう
pre_two,yomi,,斎場,で働いている。,さいじょう
pre_two,yomi,集中するために,耳栓,をする。,みみせん
pre_two,yomi,,水槽,には熱帯魚が十匹いる。,すいそう
pre_two,yomi,,料亭,で食事をとる。,りょうてい
pre_two,yomi,外食の,頻度,が多い。,ひんど
pre_two,yomi,募金集めに,奔走,する。,ほんそう
pre_two,yomi,水分を,補充,する。,ほじゅう
pre_two,yomi,,鈴,の音が聞こえる。,すず
pre_two,yomi,,偽善者,は善人のまねをする。,ぎぜんしゃ
pre_two,yomi,空き,缶,を拾う。,かん
pre_two,yomi,,珠玉,で装飾した服。,しゅぎょく
pre_two,yomi,合成,繊維,はなかなかすり切れない。,せんい
pre_two,yomi,粘土は,可塑,性を持つ。,かそ
pre_two,yomi,,哀悼,の意を表します。,あいとう
pre_two,yomi,優れた,洞察力,を持っている。,どうさつりょく
pre_two,yomi,罰として,減俸,する。,げんぽう
pre_two,yomi,靴を,履いて,出掛ける。,はいて
pre_two,yomi,記念品を,進呈,します。,しんてい
pre_two,yomi,,棋譜,をみてこまを並べる。,きふ
pre_two,yomi,あの監督は数々の,傑作,を残している。,けっさく
pre_two,yomi,,報奨,金がもらえる。,ほうしょう
pre_two,yomi,,硝石,はみつからなかった。,しょうせき
pre_two,yomi,彼はまったくの,音痴,だ。,おんち
pre_two,yomi,さらに大きな,別邸,を構える。,べってい
pre_two,yomi,銀貨が,造幣,された。,ぞうへい
pre_two,yomi,,塁審,の判断と異なる。,るいしん
pre_two,yomi,三人で済むには,窮屈,な家だ。,きゅうくつ
pre_two,yomi,,適宜,対応してください。,てきぎ
pre_two,yomi,争いの,渦,に巻き込まれる。,うず
pre_two,yomi,,渓流,下りをする。,けいりゅう
pre_two,yomi,,庶務,を担当している。,しょむ
pre_two,yomi,大手食品会社による,不祥事,。,ふしょうじ
pre_two,yomi,天気がいいので,洗濯,物がすぐ乾く。,せんたく
pre_two,yomi,生産率を,逓増,する。,ていぞう
pre_two,yomi,,舶来,品より国産品にこだわる。,はくらい
pre_two,yomi,寺の建て替えのために,浄財,を募る。,じょうざい
pre_two,yomi,これに,懲りた,ら二度としないことだな。,こりた
pre_two,yomi,,来賓,席に座る。,らいひん
pre_two,yomi,相手を,懐柔,するのに慣れている。,かいじゅう
pre_two,yomi,,慶弔,行事に用いられる。,けいちょう
pre_two,yomi,,貞淑,な女性だ。,ていしゅく
pre_two,yomi,,不肖,ながら精一杯務めさせていただきます。,ふしょう
pre_two,yomi,オルガンが鳴り、,荘重,な曲が流れ始めた。,そうちょう
pre_two,yomi,,法廷,で証言する。,ほうてい
pre_two,yomi,,屯田兵,に志願する。,とんでんへい
pre_two,yomi,,唯美,主義の立場に立つ。,ゆいび
pre_two,yomi,強敵に,挑む,。,いどむ
pre_two,yomi,彼女は,悠然,と構えていた。,ゆうぜん
pre_two,yomi,騒ぐ生徒を,一喝,して黙らせた。,いっかつ
pre_two,yomi,,洪積,層を形成する。,こうせき
pre_two,yomi,実に,高尚,な趣味をお持ちですね。,こうしょう
pre_two,yomi,国会開設の,詔勅,が出された。,しょうちょく
pre_two,yomi,海の,藻くず,となった。,もくず
pre_two,yomi,先ほどの発言は,撤回,します。,てっかい
pre_two,yomi,友人の,扶助,を受けるのは嫌だ。,ふじょ
pre_two,yomi,,富裕層,に人気の商品だ。,ふゆうそう
pre_two,yomi,,煩雑,な操作は不要だ。,はんざつ
three,yomi,,欧米,への旅行が楽しみだ。,おうべい
three,yomi,与えられた任務を,遂行,する。,すいこう
three,yomi,,郊外,での生活にあこがれ家を建てる。,こうがい
three,yomi,スポーツの発展と健康の,促進,を願う。,そくしん
three,yomi,毎日の,鍛錬,の成果が出る。,たんれん
three,yomi,日本各地を転々と,放浪,する。,ほうろう
three,yomi,,犠牲,になるのは御免だ。,ぎせい
three,yomi,海外のチームへの,移籍,が決定した。,いせき
three,yomi,７世紀のものと見られる,古墳,が発見された。,こふん
three,yomi,経済の,衰退,が社会に及ぼす影響は多大である。,すいたい
three,yomi,学校の,花壇,に種を植える。,かだん
three,yomi,商品の,模倣,品・海賊版は重大な社会問題である。,もほう
three,yomi,条例の取り止めを,請願,する。,せいがん
three,yomi,大手企業の提携は競争を,阻害,しかねない。,そがい
three,yomi,現行犯で,逮捕,される。,たいほ
three,yomi,乳児の食事は食材を小さくして,窒息,事故を防ぐ配慮が必要である。,ちっそく
three,yomi,数種類の,塗料,を混ぜ合わせて壁に色を塗る。,とりょう
three,yomi,,陶芸,品の展示会が開かれる。,とうげい
three,yomi,,殺伐,とした空気に包まれる。,さつばつ
three,yomi,国内での自給率を高めるため外国製品を,排斥,した。,はいせき
three,yomi,昔から多くの人に,娯楽,として親しまれてきた。,ごらく
three,yomi,トラブルが発生したため、,顧問,の弁護士に相談する。,こもん
three,yomi,自分の信念を,貫,く決意をする。,つらぬ
three,yomi,,喫煙,は健康に悪影響を及ぼす。,きつえん
three,yomi,小学校の周辺で,不審,な人物が目撃される。,ふしん
three,yomi,悪条件の中で試合を,敢行,した。,かんこう
three,yomi,突然の出来事に,挙措,を失う。,きょそ
three,yomi,成長ホルモンの,分泌,を高める,ぶんぴつ
three,yomi,世界各国から,蛮行,と批難されている。,ばんこう
three,yomi,東京から,赴任,してきた新しい先生だ。,ふにん
three,yomi,テレビ番組の商品プレゼントに,応募,した。,おうぼ
three,yomi,海外の有名書籍の,翻訳,版が発売された。,ほんやく
three,yomi,先代からの教えを,墨守,している。,ぼくしゅ
three,yomi,このような貴重な品は,滅多,に見れない。,めった
three,yomi,厳しい言葉に,憂色,を隠せずにいた。,ゆうしょく
three,yomi,巡回は犯罪を,抑止,する効果がある。,よくし
three,yomi,警備員の,誘導,に従い右折する。,ゆうどう
three,yomi,国家の,隆盛,に力を注ぐ。,りゅうせい
three,yomi,田舎町で,零細,企業を営む。,れいさい
three,yomi,与えられた任務に,精励,する。,せいれい
three,yomi,,覆水,盆に返らず。,ふくすい
three,yomi,ミシンで服を,縫製,する。,ほうせい
three,yomi,,共謀,して罪を犯す。,きょうぼう
three,yomi,費用を皆で,折半,した。,せっぱん
three,yomi,,濫伐,は自然保護に反する。,らんばつ
three,yomi,ご,随意,にお休みください。,ずいい
three,yomi,,擦過傷,の治療をする。,さっかしょう
three,yomi,そんなやり方は,邪道,だ。,じゃどう
three,yomi,給料日まで,辛抱,する。,しんぼう
three,yomi,優勝杯の,争奪,戦が行われた。,そうだつ
three,yomi,,画壇,展で入選する。,がだん
three,yomi,資金が,欠乏,する。,けつぼう
three,yomi,日本企業の,誘致,に積極的だ。,ゆうち
three,yomi,空港の,免税,店で買い物をする。,めんぜい
three,yomi,事態を,憂慮,する。,ゆうりょ
three,yomi,わなを仕掛けて,狩猟,する。,しゅりょう
three,yomi,本立てに,撮要,本が並ぶ。,さつよう
three,yomi,身柄が,拘束,される。,こうそく
three,yomi,現在は,坑道,に立ち入ることができない。,こうどう
three,yomi,深海の,掘削,計画が進められる。,くっさく
three,yomi,,繁華街,にある百貨店に出かける。,はんかがい
three,yomi,相手の,虚,につけこむ。,きょ
three,yomi,旅の途中で,少憩,する。,しょうけい
three,yomi,,勤倹,に励む。,きんけん
three,yomi,大豆を,発酵,させる。,はっこう
three,yomi,理性と本能が,相克,する,そうこく
three,yomi,大会を,主催,する。,しゅさい
three,yomi,日本の夏は高温,多湿,だ。,たしつ
three,yomi,,掃討,作戦を実行する。,そうとう
three,yomi,今度こそ,雪辱,を果たす。,せつじょく
three,yomi,,紫紺,の旗を掲げる。,しこん
three,yomi,野菜を塩水に,浸す,。,ひたす
three,yomi,光と影が,交錯,する。,こうさく
three,yomi,他の機関と,連携,する。,れんけい
three,yomi,スタッフを,随時,募集しています。,ずいじ
three,yomi,業務の,概要,を説明する。,がいよう
three,yomi,,吉報,を待つ。,きっぽう
three,yomi,革で,装丁,された本。,そうてい
three,yomi,,炉端,に座り話をする。,ろばた
three,yomi,大雨の影響で建物が,埋没,した。,まいぼつ
three,yomi,,昇給,の査定を行う。,しょうきゅう
three,yomi,政権を,掌握,する。,しょうあく
three,yomi,,暖房,が効かない。,だんぼう
three,yomi,,辱知,の間柄。,じょくち
three,yomi,遠征を,敢行,する。,かんこう
three,yomi,,粗大,ゴミを処分する。,そだい
three,yomi,,食糧,を確保する。,しょくりょう
three,yomi,名刺を,交換,する。,こうかん
three,yomi,勢力を,伸張,する。,しんちょう
three,yomi,,丘陵,を歩く。,きゅうりょう
three,yomi,君は,賢い,子どもだな。,かしこい
three,yomi,,巧み,な話術でその気にさせる。,たくみ
three,yomi,なんと,卸値,で買うことができた。,おろしね
three,yomi,,穏便,に済ませたい。,おんびん
three,yomi,,既成,の概念にとらわれない。,きせい
three,yomi,その事件が,契機,となり復活した。,けいき
three,yomi,従業員に注意,喚起,をする。,かんき
three,yomi,,捕鯨,が問題視されている。,ほげい
three,yomi,完ぺきな,軌道,を描く。,きどう
three,yomi,今の会社よりも,待遇,が良い。,たいぐう
three,yomi,このままでは,餓死,してしまう。,がし
three,yomi,彼は,哀れ,な身だ。,あわれ
three,yomi,有名な詩人の歌を,朗詠,する。,ろうえい
three,yomi,いよいよ,覚悟,を決める時だ。,かくご
three,yomi,このチームにとって,脅威,となる存在だ。,きょうい
three,yomi,,求刑,通りの判決となった。,きゅうけい
three,yomi,図書館で本を,閲覧,する。,えつらん
three,yomi,,悔恨,の念に駆られた。,かいこん
three,yomi,,岳父,と親しくなる。,がくふ
three,yomi,,一騎打ち,を申し込む。,いっきうち
three,yomi,物語が,佳境,に入った。,かきょう
three,yomi,幼い時から,棋士,を目指す。,きし
three,yomi,規制が,緩和,される。,かんわ
three,yomi,人生の,岐路,に立たされる。,きろ
three,yomi,知り合いと,偶然,出会った。,ぐうぜん
three,yomi,蒸気が,凝縮,して水となった。,ぎょうしゅく
three,yomi,チーム内でも,孤立,している。,こりつ
three,yomi,,該博,な知識に敬服する。,がいはく
three,yomi,会議は,緊迫,した状態だ。,きんぱく
three,yomi,夏は,怪談,で盛り上がろう。,かいだん
three,yomi,,弧,を描いている。,こ
three,yomi,,菊,の花が咲いている。,きく
three,yomi,,潤滑,剤を使おう。,じゅんかつ
three,yomi,ここで間違えないことが,肝心,だ。,かんじん
three,yomi,自分の,企画,が採用された。,きかく
three,yomi,落ち込んだ彼を,慰める,。,なぐさめる
three,yomi,いよいよ,収穫,だ。,しゅうかく
three,yomi,どちらも,甲乙,つけがたい。,こうおつ
three,yomi,美人な,花嫁,だ。,はなよめ
three,yomi,険しい,峡谷,に住む民族だ。,きょうこく
three,yomi,何者かに,殴られ,た。,なぐられ
three,yomi,黒い,塊,が落ちている。,かたまり
three,yomi,女の,勘,は鋭い。,かん
three,yomi,大体の,輪郭,を描く。,りんかく
three,yomi,,炎,が舞い上がっている。,ほのお
three,yomi,初めての,栄冠,に輝いた。,えいかん
three,yomi,彼を,雇って,やってくれ。,やとって
three,yomi,,幻,となって消えてしまった。,まぼろし
three,yomi,とても,感慨,深いです。,かんがい
three,yomi,権利を,放棄,する。,ほうき
three,yomi,彼女は,ご満悦,のようだ。,ごまんえつ
three,yomi,牛肉,一斤,を食べてしまう。,いっきん
three,yomi,,鶏,を育てている。,にわとり
three,yomi,,残虐,な行為はしてはいけない。,ざんぎゃく
three,yomi,彼らは,祝宴,を催した。,しゅくえん
three,yomi,トンネルが,貫通,した。,かんつう
three,yomi,学校の友達が,忌引き,していた。,きびき
three,yomi,,鼻孔,用のマスクだ。,びこう
three,yomi,周囲の皆を,欺く,行動だった。,あざむく
three,yomi,,架空,の登場人物を作り上げる。,かくう
three,yomi,それが自然の,摂理,です。,せつり
three,yomi,筆の,穂先,がすり切れた。,ほさき
three,yomi,実力に大きな,隔たり,がある。,へだたり
three,yomi,お寺の,鐘,を鳴らす。,かね
three,yomi,この道は,徐行,してください。,じょこう
three,yomi,,冗談,もほどほどにしてください。,じょうだん
three,yomi,プロレスラーからあふれる,闘魂,がすさまじい。,とうこん
three,yomi,蚕は,桑,の葉を食べる。,くわ
three,yomi,,地獄,のような苦しみから解放された。,じごく
three,yomi,,慈善,事業に参加する。,じぜん
three,yomi,自己,陶酔,している場合ではない。,とうすい
three,yomi,日本は,長寿,で有名な国だ。,ちょうじゅ
three,yomi,古い建物の,礎石,を利用している。,そせき
three,yomi,多額の,負債,が生じてしまった。,ふさい
three,yomi,荒れ地を,開墾,する。,かいこん
three,yomi,自転車で,疾走,する。,しっそう
three,yomi,船を,数隻,見つけた。,すうせき
three,yomi,この場所での飲食は,控えて,いただきたい。,ひかえて
three,yomi,この技は君の努力の,結晶,だ。,けっしょう
three,yomi,美しいお,嬢,さんですね。,じょう
three,yomi,,福祉,事業を展開する。,ふくし
three,yomi,もう,容赦,しません。,ようしゃ
three,yomi,業界が,慌ただしく,動いている。,あわただしく
three,yomi,これ以上は,譲歩,できません。,じょうほ
three,yomi,敵が,突如,として現れた。,とつじょ
three,yomi,これは新聞記事の,抜粋,です。,ばっすい
three,yomi,,双眼鏡,で空を見渡す。,そうがんきょう
three,yomi,この,施設,で働いている。,しせつ
three,yomi,敵地に,潜入,する。,せんにゅう
three,yomi,あの人が私の,師匠,です。,ししょう
three,yomi,船が,浅瀬,に乗り上げた。,あさせ
three,yomi,彼は,特殊,な趣味を持っている。,とくしゅ
three,yomi,なんとも,哀切,を極めた物語だ。,あいせつ
three,yomi,日本にはかつて,侍,がいた。,さむらい
three,yomi,法令を,遵守,します。,じゅんしゅ
three,yomi,このタオル、,絞って,きて。,しぼって
three,yomi,目の前で車同士が,衝突,した。,しょうとつ
three,yomi,これこそが彼の,神髄,だ。,しんずい
three,yomi,政府の,諮問,機関に属する。,しもん
three,yomi,学校や企業の,委嘱,を受ける。,いしょく
three,yomi,あの娘は良い,婿,を取った。,むこ
three,yomi,果物のジュースを,搾る,。,しぼる
three,yomi,,綱渡り,ができない。,つなわたり
three,yomi,ビタミンの,錠剤,を飲む。,じょうざい
three,yomi,最後は,雑炊,にして食べよう。,ぞうすい
three,yomi,あくまで,暫定,的な政策だ。,ざんてい
three,yomi,目の,焦点,が合っていない。,しょうてん
three,yomi,今の,基軸,通貨は米ドルだ。,きじく
three,yomi,服のほころびを,繕う,。,つくろう
three,yomi,,潤沢,な資金を持つ。,じゅんたく
three,yomi,親族の,葬儀,に出席する。,そうぎ
three,yomi,,大胆,なやり方だ。,だいたん
three,yomi,飛行機の,墜落,事故が起きた。,ついらく
three,yomi,彼は,哲学,を専攻している。,てつがく
three,yomi,地面が,凍結,している。,とうけつ
three,yomi,,天然痘,に感染する。,てんねんとう
three,yomi,,穏やか,な話し合いではなかった。,おだやか
three,yomi,,金塊,を探しにいこう。,きんかい
three,yomi,髪に,潤い,を与える。,うるおい
three,yomi,彼が,訪欧,した際に仲良くなった。,ほうおう
three,yomi,無人島で,遭難,してしまった。,そうなん
three,yomi,彼は,屈託,のない笑顔を見せた。,くったく
three,yomi,,幼稚,な考えだ。,ようち
three,yomi,,畜産,業を学ぶ。,ちくさん
three,yomi,,帝国,の滅亡の時だ。,ていこく
three,yomi,あの本の,改訂,版が登場した。,かいてい
three,yomi,神社で,肝試し,しようよ。,きもだめし
three,yomi,もう無理だと,悟った,。,さとった
three,yomi,,侍従,の長を務める。,じじゅう
three,yomi,手に負えない,餓鬼,だ。,がき
three,yomi,虫に対して,忌避,効果がある。,きひ
three,yomi,現代でもある国では,海賊,による被害が出ている。,かいぞく
three,yomi,友好条約を,締結,する。,ていけつ
three,yomi,多くの,聴衆,の前で演じる。,ちょうしゅう
three,yomi,私は彼に休みを取るように,促す,。,うながす
three,yomi,,胎児,を取り出す。,たいじ
three,yomi,日頃から,鍛えて,います。,きたえて
three,yomi,寒冷前線が,停滞,している。,ていたい
three,yomi,コインを,鋳造,する。,ちゅうぞう
three,yomi,お米を,炊いて,おいてください。,たいて
three,yomi,この度の件について深く,陳謝,します。,ちんしゃ
three,yomi,,闘鶏,もなかなかの迫力だ。,とうけい
three,yomi,,足袋,をはいてください。,たび
three,yomi,一日中,常駐,している。,じょうちゅう
three,yomi,この喜びを詩に,詠ずる,。,えいずる
three,yomi,,愛憎,の念が入り混じっている。,あいぞう
three,yomi,,匿名,でお願いします。,とくめい
three,yomi,,下請け,業者に任せる。,したうけ
three,yomi,重要な,選択,を迫られる。,せんたく
three,yomi,決勝戦で負けると余計に,悔しい,。,くやしい
three,yomi,,既,に決着はついている。,すで
three,yomi,,彫金,を本職とする。,ちょうきん
three,yomi,結果からデータを,抽出,する。,ちゅうしゅつ
three,yomi,俗世を,超越,している。,ちょうえつ
three,yomi,,賢明,な判断だ。,けんめい
three,yomi,相手は,承諾,してくれたよ。,しょうだく
three,yomi,,勘違い,しないでください。,かんちがい
three,yomi,,北斗,七星がよく見える。,ほくと
three,yomi,彼の,怠慢,が全ての原因だ。,たいまん
three,yomi,近所の風景を,撮る,。,とる
three,yomi,,密封,された容器に入っている。,みっぷう
three,yomi,ここを進めば,滝,が見えてくる。,たき
three,yomi,彼の,同胞,の多くがその戦争で亡くなった。,どうほう
three,yomi,彼の母親が,危篤,だそうです。,きとく
three,yomi,人を,顧みる,いとまがない。,かえりみる
three,yomi,このテープは,粘着,力が強い。,ねんちゃく
three,yomi,,怪しい,男がうろうろしている。,あやしい
three,yomi,結婚式で,寿,を述べる。,ことぶき
three,yomi,兵士は自由を,束縛,されている。,そくばく
three,yomi,,純粋,に楽しみたい。,じゅんすい
three,yomi,,苗木,の周りの土を固める。,なえぎ
three,yomi,この国の,姫君,は美しい。,ひめぎみ
three,yomi,,湖畔,には多くのホテルがある。,こはん
three,yomi,,糖尿病,にかかってしまった。,とうにょうびょう
three,yomi,目を,凝らす,と見えてくる。,こらす
three,yomi,,修繕,作業に取り掛かる。,しゅうぜん
three,yomi,悪事を,企てる,。,くわだてる
three,yomi,計画の,概略,を説明する。,がいりゃく
three,yomi,世界的な大ヒット作が,本邦,初公開を迎えた。,ほんぽう
three,yomi,彼は学生にとても,敬慕,されている。,けいぼ
three,yomi,歴代の,藩主,に比べると劣る。,はんしゅ
three,yomi,,口内炎,が痛い。,こうないえん
three,yomi,,紛争,に巻き込まれた。,ふんそう
three,yomi,彼は,陪審,員を務めている。,ばいしん
three,yomi,私がお,相伴,させていただきます。,しょうばん
three,yomi,経済界の,重鎮,が動いた。,じゅうちん
three,yomi,昔はよく,鯨,を食べていた。,くじら
three,yomi,,該当,する生徒は出てきなさい。,がいとう
three,yomi,この辺は,滑り,やすいから気を付けて。,すべり
three,yomi,,帆柱,に登らないでください。,ほばしら
three,yomi,,名簿,に名前がないようです。,めいぼ
three,yomi,犯人に品物を,奪われ,た。,うばわれ
three,yomi,何かと,難癖,をつけたがる人だ。,なんくせ
three,yomi,新しい任地に,赴く,。,おもむく
three,yomi,,怪物,が現れた。,かいぶつ
three,yomi,,切符,を無くしてしまった。,きっぷ
three,yomi,歓迎会を,催す,。,もよおす
three,yomi,その病気は,潜伏,期間が長い。,せんぷく
three,yomi,牛肉より,豚肉,の方が好きです。,ぶたにく
three,yomi,南の島に,漂着,した。,ひょうちゃく
three,yomi,偉人をしのんで,記念碑,を建てる。,きねんひ
three,yomi,見事に仕事をやり,遂げる,。,とげる
three,yomi,そんな,卑屈,な精神ではいけません。,ひくつ
three,yomi,,精巧,な細工だ。,せいこう
three,yomi,,豊潤,な土地を利用する。,ほうじゅん
three,yomi,私は,老婆心,から言っているのです。,ろうばしん
three,yomi,恥ずかしくて顔を,覆う,。,おおう
three,yomi,彼は,卓越,した技術を持っている。,たくえつ
three,yomi,寺社に金品を,奉納,する。,ほうのう
three,yomi,,芳香,剤を買ってきて。,ほうこう
three,yomi,地震で建物が,崩壊,した。,ほうかい
three,yomi,友人が,励まして,くれたおかげです。,はげまして
three,yomi,守備,妨害,でアウトになってしまった。,ぼうがい
three,yomi,首を,絞めて,窒息させる。,しめて
three,yomi,,官吏,として職についた。,かんり
three,yomi,,華やか,な生活を送る。,はなやか
three,yomi,空気の入れ過ぎでタイヤが,破裂,した。,はれつ
three,yomi,手を,擦り,むいた。,すり
three,yomi,友人に,誘われ,てパーティーへ行ってきた。,さそわれ
three,yomi,九分九,厘,これで間違いないだろう。,りん
three,yomi,かつては,鐘楼,がつられていた門だ。,しょうろう
three,yomi,娘が,嫁いで,いった。,とついで
three,yomi,有名なゲームの,廉価,版が発売された。,れんか
three,yomi,私たちの,邪魔,をしないでください。,じゃま
three,yomi,街頭でボランティアを,募る,。,つのる
three,yomi,突然の出来事に,動揺,してしまった。,どうよう
three,yomi,授業前に鉛筆を,削る,。,けずる
three,yomi,彼は,某,高校の教師だ。,ぼう
three,yomi,うちの会社は人材が,乏しい,。,とぼしい
three,yomi,現代社会への,警鐘,だ。,けいしょう
three,yomi,小川が,湾曲,している。,わんきょく
three,yomi,適度な,間隔,をあけて来てください。,かんかく
three,yomi,,幽霊,なんて信じません。,ゆうれい
three,yomi,今回の件はさすがに,擁護,できない。,ようご
three,yomi,,緩やか,な坂道になっている。,ゆるやか
three,yomi,彼女は社長,令嬢,だ。,れいじょう
three,yomi,,角膜,を移植する。,かくまく
three,yomi,彼の姿に,幻滅,した。,げんめつ
three,yomi,業務の改善を,施す,。,ほどこす
three,yomi,,殊更,につらく当たる。,ことさら
three,yomi,彼女には彼女なりの,魅力,がある。,みりょく
three,yomi,古くなった配線から,漏電,していたようだ。,ろうでん
three,yomi,布同士を,縫い,合わせる。,ぬい
three,yomi,,液晶,画面を割ってしまった。,えきしょう
three,yomi,現代は,飽食,の時代とも言われる。,ほうしょく
three,yomi,出掛ける直前になって,慌てる,。,あわてる
three,yomi,,又聞き,した情報なので定かではない。,またぎき
three,yomi,,墨,を買ってきてもらえませんか？,すみ
three,yomi,事業展開の,大綱,を示す。,たいこう
three,yomi,退任しようとしたコーチを,慰留,する。,いりゅう
three,yomi,決定前に委員会に,諮る,必要がある。,はかる
three,yomi,,抑揚,のない声で話す。,よくよう
three,yomi,怪しむこともなく,恐悦,している。,きょうえつ
three,yomi,,裸眼,では何も見えない。,らがん
three,yomi,バナナを一,房,食べてしまった。,ふさ
three,yomi,なかなか,粋,なはからいですな。,いき
three,yomi,,膨大,な仕事量を確実にこなす。,ぼうだい
three,yomi,飲み過ぎて,酔って,しまった。,よって
three,yomi,後顧の,憂い,がない。,うれい
three,yomi,,廊下,は走ってはいけません。,ろうか
three,yomi,趣味は,将棋,です。,しょうぎ
three,yomi,向こう岸に橋を,架ける,。,かける
three,yomi,外は,凍える,ほど寒い。,こごえる
three,yomi,彼は,心憎い,ほどにうまいことを言う。,こころにくい
three,yomi,不要なチケットを現金に,換える,。,かえる
three,yomi,,恩赦,を与える。,おんしゃ
three,yomi,この町は古くから,炭鉱,がありにぎわっていた。,たんこう
three,yomi,彼女を,雇用,します。,こよう
three,yomi,期待した分、,落胆,も大きい。,らくたん
three,yomi,彼はチームの,主軸,を担う。,しゅじく
three,yomi,,犠打,による得点で勝ち越した。,ぎだ
three,yomi,向こうの人が,凝視,してきている。,ぎょうし
three,yomi,彼のここまでの,軌跡,をたどってみよう。,きせき
three,yomi,,疾風,のごとく去って行った。,しっぷう
three,yomi,帯を,締めて,ください。,しめて
three,yomi,体格が小さくても,胃袋,が大きい。,いぶくろ
three,yomi,彼の小説は,佳作,に選ばれた。,かさく
three,yomi,子供の,胎動,を感じた。,たいどう
three,yomi,酒を飲んで,気炎,を掲げる。,きえん
three,yomi,大勢の前に立つと,緊張,する。,きんちょう
three,yomi,健康には幸福が,肝要,だ。,かんよう
three,yomi,幼い時に,虐待,を受けていた。,ぎゃくたい
three,yomi,教授の,校閲,を経る。,こうえつ
three,yomi,仕事が失敗して,焦燥,する。,しょうそう
three,yomi,型に入れて,鋳る,。,いる
three,yomi,作業が,滞る,。,とどこおる
three,yomi,工芸において,名匠,として知られている。,めいしょう
three,yomi,努力を,怠った,結果だ。,おこたった
three,yomi,,稲穂,が風になびいている。,いなほ
three,yomi,本人たちの,互譲,により解決を図る。,ごじょう
three,yomi,見る見るうちに,衰弱,してしまった。,すいじゃく
three,yomi,,一貫,して否定してきた。,いっかん
three,yomi,若者の,偶像,となる。,ぐうぞう
three,yomi,進行が,円滑,に進めばいいな。,えんかつ
three,yomi,三人,掛かり,で押さえつけた。,がかり
three,yomi,犯人に,手錠,をかける。,てじょう
three,yomi,,骨髄,移植を受ける。,こつずい
three,yomi,空気が悪いので,換気,する。,かんき
three,yomi,何の,変哲,もないただの箱だ。,へんてつ
three,yomi,珍しい鳥を,撮影,する。,さつえい
three,yomi,城の,外郭,に沿って歩く。,がいかく
three,yomi,外界から,隔絶,された場所だ。,かくぜつ
three,yomi,富士山は,霊峰,とも呼ばれる。,れいほう
three,yomi,英語の,基礎,からやり直す。,きそ
three,yomi,手の,甲,を出してください。,こう
three,yomi,,彫り,の深い顔立ちだ。,ほり
three,yomi,彼の不安を,一掃,する。,いっそう
three,yomi,こんな記事が,掲載,されるなんて。,けいさい
three,yomi,適当な,措置,をとる。,そち
three,yomi,知性が,欠如,している。,けつじょ
three,yomi,この土地の一部が,陵墓,参考地に指定される。,りょうぼ
three,yomi,工事は来月から,実施,する。,じっし
three,yomi,不要な資料を,破棄,する。,はき
three,yomi,いくら,悔やんで,もしょうがない。,くやんで
three,yomi,,孤島,に取り残される。,ことう
three,yomi,皆の,憩い,の場となっている。,いこい
three,yomi,一次試験が,免除,となっている。,めんじょ
three,yomi,彼は,慈悲,深い人だ。,じひ
three,yomi,,潜在,する能力を引き出したい。,せんざい
three,yomi,有名な,工房,を見学する。,こうぼう
three,yomi,私から見ても,無謀,な試みに思えた。,むぼう
three,yomi,なんとも,冗漫,な文章だ。,じょうまん
three,yomi,株主総会を,開催,します。,かいさい
three,yomi,戦後の,耐乏,生活の経験が生きる。,たいぼう
three,yomi,,拘置所,内でトラブルが起きる。,こうちしょ
three,yomi,,墳墓,に眠る人の身元は判明していない。,ふんぼ
three,yomi,黒いねこが横切ると,不吉,だ。,ふきつ
three,yomi,旅行先でついつい,浪費,してしまう。,ろうひ
three,yomi,上部が,弧状,になっている。,こじょう
three,yomi,私と,契約,してください。,けいやく
three,yomi,空気には,窒素,が含まれている。,ちっそ
three,yomi,苦手な食べ物を,克服,する。,こくふく
three,yomi,金属の,精錬,方法を学ぶ。,せいれん
three,yomi,この学校は,濃紺,の制服を採用している。,のうこん
three,yomi,バイトを,募集,する。,ぼしゅう
three,yomi,,痛恨,の極みである。,つうこん
three,yomi,やけに,殊勝,なことをいう。,しゅしょう
three,yomi,より,豪華,な装飾を付ける。,ごうか
three,yomi,世間に,衝撃,が走る。,しょうげき
three,yomi,金品が,強奪,された。,ごうだつ
three,yomi,,山岳,地域に住む民族だ。,さんがく
three,yomi,提出された作文を,添削,する。,てんさく
three,yomi,彼は大いに,悔悟,している。,かいご
three,yomi,社員のために,慰安,旅行を企画する。,いあん
three,yomi,,不穏,な動きがみられる。,ふおん
three,yomi,彼は,倹約,家だ。,けんやく
three,yomi,,刑期,が伸びてしまった。,けいき
three,yomi,資料の作成を,嘱託,する。,しょくたく
three,yomi,重要な問題について,審議,する。,しんぎ
three,yomi,学校から,除籍,処分を受けた。,じょせき
three,yomi,犯人は,錯乱,しているようだ。,さくらん
three,yomi,不良,債権,を処理する。,さいけん
three,yomi,政治に,携わる,ものとしてあり得ない。,たずさわる
three,yomi,彼は礼儀を知らない,野蛮,人だ。,やばん
three,yomi,大根を,卸す,。,おろす
three,yomi,私は,水墨画,を描くのが好きです。,すいぼくが
three,yomi,何度も,催促,された。,さいそく
three,yomi,恩師から,激励,の言葉をいただく。,げきれい
three,yomi,運命は彼らの,掌中,にある。,しょうちゅう
three,yomi,,暫時,の間お待ちください。,ざんじ
three,yomi,傷口の,縫合,手術を行う。,ほうごう
three,yomi,大都市の,近郊,に住む。,きんこう
three,yomi,地表が一部,隆起,している。,りゅうき
three,yomi,やっと,昇進,できた。,しょうしん
three,yomi,落ちぶれて,零落,していった。,れいらく
three,yomi,走る前に,屈伸,運動をする。,くっしん
three,yomi,旅を,満喫,してください。,まんきつ
three,yomi,,原子炉,の運転を再開する。,げんしろ
three,yomi,,花婿,の付添人になる。,はなむこ
three,yomi,あのような事態に,慨嘆,している。,がいたん
three,yomi,物品にはそれぞれ,精粗,がある。,せいそ
three,yomi,,険阻,な山道を歩く。,けんそ
three,yomi,あちらの窓口で,申請,してください。,しんせい
three,yomi,,宴席,でスピーチする。,えんせき
three,yomi,周囲には,既知,の事実だ。,きち
three,yomi,,墾田,永年私財法が施行された。,こんでん
three,yomi,私に異議はなく、,翻意,することもありません。,ほんい
three,yomi,,団塊,の世代が退職していった。,だんかい
three,yomi,船が,海峡,を通過する。,かいきょう
three,yomi,,邪魔,しないでください。,じゃま
three,yomi,壁を,塗装,する。,とそう
three,yomi,それは,酵素,の働きによるものだ。,こうそ
three,yomi,彼は,商魂,たくましく、自社の商品をなんとしても売ろうとする。,しょうこん
three,yomi,議員による職権,濫用,が問題となっている。,らんよう
three,yomi,証人として,喚問,される。,かんもん
three,yomi,大量のアルコールを,摂取,する。,せっしゅ
three,yomi,,騎手,は体重が軽い。,きしゅ
three,yomi,彼が人気の,覆面,レスラーだ。,ふくめん
three,yomi,村の,猟師,として生きていく。,りょうし
three,yomi,接戦の末、一点差で,辛勝,した。,しんしょう
three,yomi,同様の,処遇,を受けた。,しょぐう
three,yomi,週末は趣味に,没頭,しています。,ぼっとう
three,yomi,無実の罪で,投獄,される。,とうごく
three,yomi,,稚魚,を放流する。,ちぎょ
three,yomi,沼地や,湿原,を歩き続ける。,しつげん
three,yomi,,盗賊,に襲われた。,とうぞく
three,yomi,相手の意向を,瀬踏み,しておく。,せぶみ
three,yomi,彼は,抽象,的な絵が好きだった。,ちゅうしょう
three,yomi,,緩急,をつけたピッチングだ。,かんきゅう
three,yomi,彼女の,卓抜,な才能を証明する。,たくばつ
three,yomi,予想外の出来事に,遭遇,した。,そうぐう
three,yomi,ここは,駐車,禁止ですよ。,ちゅうしゃ
three,yomi,頼まれていた資料の作成が,完了,しました。,かんりょう
three,yomi,,超人,的な聴力を持つ。,ちょうじん
three,yomi,この商品は,冷凍,して保存してください。,れいとう
three,yomi,,弱冠,２１歳での発明であった。,じゃっかん
three,yomi,,虚勢,を張っているのはばれているぞ。,きょせい
three,yomi,,双方,ともに非がある。,そうほう
three,yomi,,種痘,はもう受けました。,しゅとう
three,yomi,展開は,多岐,に渡って行われる。,たき
three,yomi,彼らは死者を,埋葬,した。,まいそう
three,yomi,壁には,通気孔,があいている。,つうきこう
three,yomi,頭が痛いので,鎮痛剤,を飲んだ。,ちんつうざい
three,yomi,,因縁,の深い二人。,いんねん
three,yomi,日本には一週間ほど,滞在,する。,たいざい
three,yomi,山林を,伐採,する。,ばっさい
three,yomi,,養豚,場で働いている。,ようとん
three,yomi,,完封,負けを喫してしまった。,かんぷう
three,yomi,手帳に足取りが,克明,に記されている。,こくめい
three,yomi,彼の申し出に気持ちが,揺れ,動いている。,ゆれ
three,yomi,同性なら,裸,を見られても構わない。,はだか
three,yomi,,邦人,男性が行方不明になっている。,ほうじん
three,yomi,新しい体制に,徐々,に移行していく。,じょじょ
three,yomi,,細胞,のサンプルを準備する。,さいぼう
three,yomi,今年度より,採択,されたプログラムだ。,さいたく
three,yomi,彼女は,魅惑,的な笑顔を向けた。,みわく
three,yomi,洋画より,邦画,が好きだ。,ほうが
three,yomi,,粘り,強い打撃が勝利につながった。,ねばり
three,yomi,風船に空気を入れて,膨らませる,。,ふくらませる
three,yomi,,零度,を下回ると水が凍ります。,れいど
three,yomi,,又,明日会いましょう。,また
three,yomi,毎日細かく,帳簿,をつける。,ちょうぼ
three,yomi,規模が,中堅,の会社。,ちゅうけん
three,yomi,山奥を,老婆,が一人で歩いていた。,ろうば
three,yomi,外部に,委託,した仕事だ。,いたく
three,yomi,,排他,的な態度はよくないよ。,はいた
three,yomi,彼らは一言一句もらすまいと,傾聴,した。,けいちょう
three,yomi,,彫刻,刀持ってくるの忘れた。,ちょうこく
three,yomi,我々の進路を,妨げる,ものは何もない。,さまたげる
three,yomi,犯人を,縛り,付ける。,しばり
three,yomi,子供は何でも興味を持つが、,飽き,やすい。,あき
three,yomi,私の申し出を,快諾,してくれた。,かいだく
three,yomi,,家畜,とともに移動する。,かちく
three,yomi,彼は,脅され,てやっていただけです。,おどされ
three,yomi,彼らは国王を,擁立,して戦った。,ようりつ
three,yomi,定住せずに,漂泊,している。,ひょうはく
three,yomi,彼は我が軍で,参謀,として働いている。,さんぼう
three,yomi,山の,崩落,があちこちで見られた。,ほうらく
three,yomi,船が,出帆,する。,しゅっぱん
three,yomi,,子豚,を育てる。,こぶた
three,yomi,自然界のバランスが,崩れた,。,くずれた
three,yomi,,陳腐,な文句しか言えない。,ちんぷ
three,yomi,雪山ではいつ,雪崩,が起きるかわからない。,なだれ
three,yomi,この道は,封鎖,されている。,ふうさ
three,yomi,彼女は平成の,歌姫,と呼ばれている。,うたひめ
three,yomi,下絵に,彩色,する。,さいしき
three,yomi,家中の,内紛,が長く続いた。,ないふん
three,yomi,,網膜,にレーザーを当てる。,もうまく
three,yomi,,寝癖,がなかなかなおらない。,ねぐせ
three,yomi,相談が,決裂,してしまった。,けつれつ
three,yomi,私の,画廊,では多くの古い名画を展示している。,がろう
three,yomi,手品はまるで,魔法,のようだ。,まほう
three,yomi,社会の為に,奉仕,活動をする。,ほうし
three,yomi,彼の権威の,失墜,は避けられない。,しっつい
three,yomi,,飽和,した食塩水だ。,ほうわ
three,yomi,彼女は部下から非常に,慕われ,ている。,したわれ
three,yomi,目の,錯覚,かと思ったよ。,さっかく
three,yomi,大きな船が,転覆,してしまった。,てんぷく
three,yomi,あの有名な武士は,隻眼,だったそうだ。,せきがん
three,yomi,その件をご,了承,ください。,りょうしょう
three,yomi,,河畔,で行われるイベントに出席する。,かはん
three,yomi,この出来事が物語後半への,伏線,となっている。,ふくせん
three,yomi,この場所は,訂正,しておいてください。,ていせい
three,yomi,彼らは互いに深く,恋慕,した。,れんぼ
three,yomi,彼には,潔癖,すぎるところがある。,けっぺき
three,yomi,空中に,楼閣,を築く。,ろうかく
three,yomi,旗を,掲げ,ながら入場してきた。,かかげ
three,yomi,,赤裸々,な過去を語られる。,せきらら
three,yomi,,驚く,べき成果をあげる。,おどろく
three,yomi,彼は世界中を,魅了,した。,みりょう
three,yomi,,篤志家,の寄付によって成立した。,とくしか
three,yomi,敵を,排除,する。,はいじょ
three,yomi,引き算にはマイナスの,符号,が用いられる。,ふごう
three,yomi,その件に関しては私は,清廉,潔白だ。,せいれん
three,yomi,,厘毛,の狂いもない。,りんもう
three,yomi,,邪推,するのはよそう。,じゃすい
three,yomi,カーテンのすき間から光が,漏れる,。,もれる
three,yomi,,勇敢,な兵士の姿であった。,ゆうかん
three,yomi,どさくさに,紛れて,逃げ出した。,まぎれて
three,yomi,,同伴,者がいない未成年は入場できない。,どうはん
three,yomi,小さな,帆船,だが乗り心地は良い。,はんせん
three,yomi,,藩校,の設立に協力した。,はんこう
three,yomi,ゆらゆらと水の上を,漂って,いる。,ただよって
three,yomi,彼の国は,滅んで,しまった。,ほろんで
three,yomi,データを,隠匿,しておく。,いんとく
three,yomi,,某,国を意識して軍備を強化する。,ぼう
three,yomi,罪人を,収監,する。,しゅうかん
three,yomi,,石碑,に刻まれた文章が読めない。,せきひ
three,yomi,自転車が,疾駆,していった。,しっく
three,yomi,森に,伏兵,を配置しておく。,ふくへい
three,yomi,子供は,粘土,で遊ぶのが好きだ。,ねんど
three,yomi,,苗床,の環境を調節する。,なえどこ
three,yomi,本当に,卑劣,な人だ。,ひれつ
three,yomi,,皇帝,として君臨する。,こうてい
three,yomi,今日は,検尿,の日だ。,けんにょう
three,yomi,この旅には危険が,伴う,。,ともなう
three,yomi,人の世の,悲哀,を感じる。,ひあい
three,yomi,他の,追随,を許さない。,ついずい
three,yomi,この庭は深山,幽谷,の趣がある。,ゆうこく
three,yomi,熱を与えると気体は,膨張,します。,ぼうちょう
two,kaki,日本全国を,網羅,する。,モウラ
two,kaki,長年保っていた,均衡,が破られる。,キンコウ
two,kaki,差別,撤廃,には賛成だ。,テッパイ
two,kaki,船が波に,翻弄,される。,ホンロウ
two,kaki,シャワーより,浴槽,に浸かるほうが好きだ。,ヨクソウ
two,kaki,医師に,処方箋,を書いてもらう。,ショホウセン
two,kaki,高価な,真珠,のネックレス。,シンジュ
two,kaki,ダムの,渇水,で水不足が深刻だ。,カッスイ
two,kaki,日本各地を,流浪,する。,ルロウ
two,kaki,プロ野球の,監督,を務める。,カントク
two,kaki,博物館に,恐竜,の化石が展示されている。,キョウリュウ
two,kaki,会社が,破綻,する。,ハタン
two,kaki,財界と政界の,癒着,は問題だ。,ユチャク
two,kaki,家事を手伝いお,駄賃,をねだる。,ダチン
two,kaki,,風鈴,は夏の風物詩だ。,フウリン
two,kaki,交通,渋滞,にはまる。,ジュウタイ
two,kaki,罪を犯しても,拷問,は避けるべきだ。,ゴウモン
two,kaki,,縄文,時代の土器が発見される。,ジョウモン
two,kaki,通気性に優れた,繊維,で作られた洋服。,センイ
two,kaki,,朕,は国家なり。,チン
two,kaki,本棚を,整頓,する。,セイトン
two,kaki,洗濯には,軟水,が適している。,ナンスイ
two,kaki,,滋味,に富む料理。,ジミ
two,kaki,,楽譜,は演奏に欠かせない。,ガクフ
two,kaki,当初の方針を,貫徹,する。,カンテツ
two,kaki,領土を,返還,する。,ヘンカン
two,kaki,スズメバチが,営巣,する。,エイソウ
two,kaki,交渉が,妥結,した。,ダケツ
two,kaki,新人を,懐柔,する。,カイジュウ
two,kaki,惨劇を,如実,に物語っている映像だ。,ニョジツ
two,kaki,大切な資料が,散逸,した。,サンイツ
two,kaki,,胸襟,を開いて語り合う。,キョウキン
two,kaki,職員の,処遇,改善を求める。,ショグウ
two,kaki,姉の家に,居候,する。,イソウロウ
two,kaki,自宅横に事務所を,併設,する。,ヘイセツ
two,kaki,海の風を,肌,で感じる。,ハダ
two,kaki,皮膚が,炎症,を起こした。,エンショウ
two,kaki,テーブルに食事を,配膳,する。,ハイゼン
two,kaki,,旦那,と一緒に出掛ける。,ダンナ
two,kaki,競争相手に,一矢,を報いる。,イッシ
two,kaki,,緻密,な調査が必要だ。,チミツ
two,kaki,,奈落,に落ちる。,ナラク
two,kaki,,謎,を解く。,ナゾ
two,kaki,雨上がりの空に,虹,がかかる。,ニジ
two,kaki,足首を,捻挫,した。,ネンザ
two,kaki,相手を,罵倒,する。,バトウ
two,kaki,金メダルが,剥奪,される。,ハクダツ
two,kaki,大雨で川が,氾濫,する。,ハンラン
two,kaki,,眉間,にしわを寄せる。,ミケン
two,kaki,事実を,隠蔽,する。,インペイ
two,kaki,あなたの座右の,銘,を教えてください。,メイ
two,kaki,,葛根湯,を飲む。,カッコントウ
two,kaki,,完璧,な演奏。,カンペキ
two,kaki,,崇高,な精神の持ち主。,スウコウ
two,kaki,,千羽鶴,を折る。,センバヅル
two,kaki,国旗を,掲揚,する。,ケイヨウ
two,kaki,パソコン用の,液晶,モニタを購入する。,エキショウ
two,kaki,,曖昧,な表現を避ける。,アイマイ
two,kaki,長年の,怨念,を晴らす。,オンネン
two,kaki,疑わしい相手に,鎌,をかける。,カマ
two,kaki,,傲岸,な性格をしている。,ゴウガン
two,kaki,知人の,訃報,に接する。,フホウ
two,kaki,,脊椎,の病気を治療する。,セキツイ
two,kaki,,霜柱,の上を歩く。,シモバシラ
two,kaki,金の,亡者,と呼ばれる。,モウジャ
two,kaki,趣味で,詩吟,を練習する。,シギン
two,kaki,首相,官邸,で会議が開かれた。,カンテイ
two,kaki,小説を,玩読,する。,ガンドク
two,kaki,輸送が,停頓,している。,テイトン
two,kaki,,怪奇,現象が起こる。,カイキ
two,kaki,この,屈辱,は一生忘れない。,クツジョク
two,kaki,植物の,種苗,。,シュビョウ
two,kaki,,脇腹,が痛い。,ワキバラ
two,kaki,,顎,を突き出す。,アゴ
two,kaki,初めて,歌舞伎,を観賞する。,カブキ
two,kaki,,駒,を進める。,コマ
two,kaki,放射線を,遮蔽,する。,シャヘイ
two,kaki,,涙腺,が緩む。,ルイセン
two,kaki,一枚の,便箋,。,ビンセン
two,kaki,,一献,傾ける。,イッコン
two,kaki,,茨城,に転勤する。,イバラキ
two,kaki,,花瓶,に水を注ぐ。,カビン
two,kaki,,勾配,を登る。,コウバイ
two,kaki,,罵言,を吐く。,バゲン
two,kaki,,養蜂場,を経営する。,ヨウホウジョウ
two,kaki,債権を,譲渡,する。,ジョウト
two,kaki,,礼節,をもって接する。,レイセツ
two,kaki,人生を,諦観,する。,テイカン
two,kaki,,虎口,を脱する。,ココウ
two,kaki,,雑巾,を絞る。,ゾウキン
two,kaki,,血痕,が付着していた。,ケッコン
two,kaki,松下村塾の,双璧,と称された。,ソウヘキ
two,kaki,扉を,施錠,する。,セジョウ
two,kaki,話に,色艶,を添える。,イロツヤ
two,kaki,,美貌,と知性をあわせ持つ女性。,ビボウ
two,kaki,めっきを,剥離,する。,ハクリ
two,kaki,今の生活はとても,充実,している。,ジュウジツ
two,kaki,債務を支払うように,督促,する。,トクソク
two,kaki,脳,梗塞,の予防方法。,コウソク
two,kaki,要人が,狙撃,される。,ソゲキ
two,kaki,このバスは運転手が,車掌,を兼任している。,シャショウ
two,kaki,保護者の,同伴,が必要だ。,ドウハン
two,kaki,,進捗,状況を確認する。,シンチョク
two,kaki,,亀裂,が生じる。,キレツ
two,kaki,故郷に,錦,を飾る。,ニシキ
two,kaki,,脱柵,した隊員。,ダッサク
two,kaki,,冷徹,な目。,レイテツ
two,kaki,,福祉,の仕事に就く。,フクシ
two,kaki,,旺然,たる憎悪を感じ始めた。,オウゼン
two,kaki,,鏡餅,を飾る。,カガミモチ
two,kaki,,親睦,を深める。,シンボク
two,kaki,,壮大,な夢を思い描く。,ソウダイ
two,kaki,その植物には,地下茎,がある。,チカケイ
two,kaki,,喉元,過ぎれば熱さを忘れる。,ノドモト
two,kaki,,弊社,の製品のご紹介です。,ヘイシャ
two,kaki,物見,遊山,に出かける。,ユサン
two,kaki,,緊迫,した空気に包まれる。,キンパク
two,kaki,意味のない数字の,羅列,にすぎない。,ラレツ
two,kaki,自然豊かで,酪農,が盛んだ。,ラクノウ
two,kaki,,漆,は塗料のほか接着剤としても用いられる。,ウルシ
two,kaki,カーテンの,裾,。,スソ
two,kaki,腕を,脱臼,する。,ダッキュウ
two,kaki,材料を,竹串,に刺す。,タケグシ
two,kaki,,全幅,の信頼を寄せる。,ゼンプク
two,kaki,ブドウを,発酵,させる。,ハッコウ
two,kaki,,開襟,シャツを着る。,カイキン
two,kaki,,苛烈,な戦いを繰り広げる。,カレツ
two,kaki,企業熱が,勃興,した。,ボッコウ
two,kaki,将来を,憂惧,する。,ユウグ
two,kaki,人を,軽蔑,してはいけない。,ケイベツ
two,kaki,戦争によって,荒廃,した土地。,コウハイ
two,kaki,道理を,会得,する。,エトク
two,kaki,全体を,包括,して扱う。,ホウカツ
two,kaki,敵に,勇敢,に立ち向かう。,ユウカン
two,kaki,,刹那,主義の若輩。,セツナ
two,kaki,,凄惨,な戦い。,セイサン
two,kaki,犬は鋭い,嗅覚,を持っている。,キュウカク
two,kaki,犯罪者の,巣窟,。,ソウクツ
two,kaki,,呪縛,を解く。,ジュバク
two,kaki,,和睦,を申し出る。,ワボク
two,kaki,ご意見を,頂戴,しました。,チョウダイ
two,kaki,ご,利益,がある神社。,リヤク
two,kaki,自然の恵みを,享受,する。,キョウジュ
two,kaki,,牙,を研ぐ。,キバ
two,kaki,,愚昧,な連中。,グマイ
two,kaki,つまらない事に,拘泥,しない。,コウデイ
two,kaki,息子を,懇々（懇懇）,と諭す。,コンコン
two,kaki,堂々たる,風貌,。,フウボウ
two,kaki,友人を招いて,祝宴,を開く。,シュクエン
two,kaki,,既成,事実を作る。,キセイ
two,kaki,今回の台風は,甚大,な被害をもたらした。,ジンダイ
two,kaki,,手頃,な値段。,テゴロ
two,kaki,息子を,溺愛,する。,デキアイ
two,kaki,,痕跡,が残っている。,コンセキ
two,kaki,否定派が,肯定,派を上回る。,コウテイ
two,kaki,,辛辣,な言葉。,シンラツ
two,kaki,登山時は,雪渓,に注意が必要だ。,セッケイ
two,kaki,発言を,撤回,する。,テッカイ
two,kaki,,砂嵐,に襲われる。,スナアラシ
two,kaki,ホルモンが,分泌,される。,ブンピツ
two,kaki,,緻密,な計画を立てる。,チミツ
two,kaki,船は,右舷,に傾いた。,ウゲン
two,kaki,,便宜,を図る。,ベンギ
two,kaki,,茨,の道を行く。,イバラ
two,kaki,水酸化ナトリウムは,苛性,ソーダとも呼ばれる。,カセイ
two,kaki,,鎌首,をもたげる。,カマクビ
two,kaki,銀行から,金塊,が盗まれた。,キンカイ
two,kaki,野生の,猿,に出会う。,サル
two,kaki,,春秋,に富む。,シュンジュウ
two,kaki,見知らぬ男達に,拉致,される。,ラチ
two,kaki,身分の低い,侍,。,サムライ
two,kaki,,楽譜,を見ながらピアノを弾く。,ガクフ
two,kaki,理論を,実践,に移す。,ジッセン
two,kaki,,閑却,できない状況。,カンキャク
two,kaki,,出藍,の誉れ高い弟子。,シュツラン
two,kaki,,両雄,並び立たず。,リョウユウ
two,kaki,,慈悲,深い人。,ジヒ
two,kaki,,乾麺,を製造する。,カンメン
two,kaki,資金集めに,狂奔,する。,キョウホン
two,kaki,,不遜,な態度。,フソン
two,kaki,御,叱正,を仰ぐ。,シッセイ
two,kaki,多くの,負債,を抱える。,フサイ
two,kaki,,爪牙,となって働く。,ソウガ
two,kaki,株価が,急騰,した。,キュウトウ
two,kaki,優れた,洞察,力を持っている。,ドウサツ
two,kaki,真実を知る,由,も無い。,ヨシ
two,kaki,,骸骨,のようにやせ細っている。,ガイコツ
two,kaki,子供たちの,憧憬,の的となる。,ショウケイ
two,kaki,,咽喉,を痛める。,インコウ
two,kaki,,廃屋,同然の建物。,ハイオク
two,kaki,子どもたちが集まって,童歌,を歌う。,ワラベウタ
two,kaki,,偽,の名前を名乗る。,ニセ
two,kaki,土日は工場が,稼働,していない。,カドウ
two,kaki,,寸隙,を狙う。,スンゲキ
two,kaki,レーダーで飛行機を,捕捉,する。,ホソク
two,kaki,,闇夜,に目あり。,ヤミヨ
two,kaki,友人との間に,間隙,が生じた。,カンゲキ
two,kaki,,老婆心,ながら申し上げます。,ロウバシン
two,kaki,海底から船の,残骸,が引き上げられた。,ザンガイ
two,kaki,賃金を,遡及,して支払う。,ソキュウ
two,kaki,,沃野,で作物を育てる。,ヨクヤ
two,kaki,,股関節,が痛い。,コカンセツ
two,kaki,時間の都合で,割愛,する。,カツアイ
two,kaki,,采配,を振る。,サイハイ
two,kaki,障害物を避けるために,旋回,する。,センカイ
two,kaki,,暖炉,の残り火。,ダンロ
two,kaki,,盲亀,の浮木。,モウキ
two,kaki,地獄の,沙汰,も金次第。,サタ
two,kaki,,骨髄,を移植する。,コツズイ
two,kaki,,墨,と筆を用いて文字を書く。,スミ
two,kaki,国家の,重鎮,。,ジュウチン
two,kaki,,三角巾,を使った応急処置。,サンカクキン
two,kaki,,焼酎,を飲んだ。,ショウチュウ
two,kaki,,土壇場,での大逆転。,ドタンバ
two,kaki,,貪欲,な姿勢。,ドンヨク
two,kaki,アイドルの恋愛は,御法度,だ。,ゴハット
two,kaki,食物を,玩味,する。,ガンミ
two,kaki,火事の原因は,漏電,だった。,ロウデン
two,kaki,生活の,窮状,を訴える。,キュウジョウ
two,kaki,大声で,脅嚇,する。,キョウカク
two,kaki,毎日,稽古,に励む。,ケイコ
two,kaki,,浄瑠璃,を語る。,ジョウルリ
two,kaki,,妖艶,な女性。,ヨウエン
two,kaki,ピアノの,伴奏,に合わせて歌う。,バンソウ
two,kaki,,煎餅,を二つに割る。,センベイ
two,kaki,フェリーで,愛媛,に行く。,エヒメ
two,kaki,,蜜月,旅行に行く。,ミツゲツ
two,kaki,,冥土,の道に王はなし。,メイド
two,kaki,遠い,親戚,より近くの他人。,シンセキ
two,kaki,,媒酌,の労をとる。,バイシャク
two,kaki,,失踪,事件を調査する。,シッソウ
two,kaki,,荘重,な式典。,ソウチョウ
two,kaki,,羨望,を集める。,センボウ
two,kaki,一年の計は,元旦,にあり。,ガンタン
two,kaki,方針を,詮議,する。,センギ
two,kaki,,臆面,もなく話す。,オクメン
two,kaki,新機能を,搭載,した携帯電話。,トウサイ
two,kaki,死ぬか生きるかの,瀬戸際,だ。,セトギワ
two,kaki,商品にラベルを,貼付,する。,チョウフ
two,kaki,,未曽有,の大事故。,ミゾウ
two,kaki,話はいよいよ,佳境,に入った。,カキョウ
two,kaki,,象牙,の塔。,ゾウゲ
two,kaki,精神を,陶冶,する。,トウヤ
two,kaki,予定の飛行機に,搭乗,できなかった。,トウジョウ
two,kaki,後輩を,叱責,する。,シッセキ
two,kaki,他国と比べても,遜色,のない基準である。,ソンショク
two,kaki,特徴が,顕著,に現れる。,ケンチョ
two,kaki,,施主,と業者。,セシュ
two,kaki,外交文書に,国璽,が押される。,コクジ
two,kaki,,地獄,のような日々を送る。,ジゴク
two,kaki,君主に,拝謁,する。,ハイエツ
two,kaki,川に落ちて,溺死,する。,デキシ
two,kaki,動力の伝達量を,漸増,させる。,ゼンゾウ
two,kaki,,疑惧,の念を抱く。,ギグ
two,kaki,制度は既に,形骸化,している。,ケイガイカ
two,kaki,薄暗い,洞窟,。,ドウクツ
two,kaki,,苛辣,な反論。,カラツ
two,kaki,人を,愚弄,する。,グロウ
two,kaki,,裁縫,箱から針と糸を取り出す。,サイホウ
two,kaki,あの話は,眉唾物,だ。,マユツバモノ
two,kaki,名誉を,毀損,する。,キソン
two,kaki,悪貨は良貨を,駆逐,する。,クチク
two,kaki,損失を,補填,する。,ホテン
two,kaki,たくさんの小さな,斑点,。,ハンテン
two,kaki,指摘を,真摯,に受け止める。,シンシ
two,kaki,消毒のために,煮沸,した。,シャフツ
two,kaki,悪者の,餌食,になる。,エジキ
two,kaki,,豊沃,な土地。,ホウヨク
two,kaki,厳しく,叱責,する。,シッセキ
two,kaki,,弥生,時代の土器。,ヤヨイ
two,kaki,,滑稽,な態度。,コッケイ
two,kaki,激しい,嫌悪,を感じる。,ケンオ
two,kaki,,粛然,とした雰囲気。,シュクゼン
two,kaki,,誓約書,にサインする。,セイヤクショ
two,kaki,馬を,手綱,で引く。,タヅナ
two,kaki,子どもに,箸,の持ち方を教える。,ハシ
two,kaki,成功を,渇望,する。,カツボウ
two,kaki,日本の歴史を,汎説,する。,ハンセツ
two,kaki,有害物質による,土壌,の汚染が深刻化している。,ドジョウ
two,kaki,,稚拙,な考え方しかできない。,チセツ
two,kaki,銃の,筒先,。,ツツサキ
two,kaki,,醜悪,な争いが後を絶たない。,シュウアク
two,kaki,作家になる夢を,諦念,した。,テイネン
two,kaki,,年端,もいかない子ども。,トシハ
two,kaki,,宛先,を確認する。,アテサキ
two,kaki,,煎茶,を飲む。,センチャ
two,kaki,出産祝いに,産着,を送る。,ウブギ
two,kaki,,所詮,そんなものだ。,ショセン
two,kaki,,呪文,を唱える。,ジュモン
two,kaki,険しい,崖,に登る。,ガケ
two,kaki,里芋の,茎,。,クキ
two,kaki,三週間の入院で,平癒,した。,ヘイユ
two,kaki,,喝采,を浴びる。,カッサイ
two,kaki,相手のマナーの悪さに,幻滅,した。,ゲンメツ
two,kaki,将軍に,謁見,する。,エッケン
two,kaki,,葛藤,が生じる。,カットウ
two,kaki,,風情,のある古民家。,フゼイ
two,kaki,,姻戚,関係による兄弟。,インセキ
two,kaki,,目尻,を下げる。,メジリ
two,kaki,記事を,抄訳,する。,ショウヤク
two,kaki,物事の,全貌,を明らかにする。,ゼンボウ
two,kaki,本に,索引,をつける。,サクイン
two,kaki,,寡聞,にして存じません。,カブン
two,kaki,神社に,参詣,する。,サンケイ
two,kaki,,爪先,で立つ。,ツマサキ
two,kaki,,冶金学,を学ぶ。,ヤキンガク
two,kaki,名前の入力は,必須,項目である。,ヒッス
two,kaki,戦いの,火蓋,を切る。,ヒブタ
two,kaki,生涯の,伴侶,。,ハンリョ
two,kaki,大仏の表面は,緑青,に覆われている。,ロクショウ
two,kaki,戦争の,渦中,に巻き込まれる。,カチュウ
two,kaki,,頬桁,をたたく。,ホオゲタ
two,kaki,優勝旗を,奪還,する。,ダッカン
two,kaki,,倫理,に反する行為。,リンリ
two,kaki,,亜熱帯,の湿った空気。,アネッタイ
two,kaki,,頑健,な身体を持っている。,ガンケン
two,kaki,,危惧,の念を抱く。,キグ
two,kaki,,血眼,になって探す。,チマナコ
two,kaki,,膝,を曲げると痛い。,ヒザ
two,kaki,,怨恨,による事件と判明した。,エンコン
two,kaki,情報を集めて,吟味,する。,ギンミ
two,kaki,,尻餅,をつく。,シリモチ
two,kaki,敵軍の,牙城,に迫る。,ガジョウ
two,kaki,,魔窟,に足を踏み入れた。,マクツ
two,kaki,内閣の,瓦解,。,ガカイ
two,kaki,,書棚,に本を戻す。,ショダナ
two,kaki,貴重な資源を,浪費,してはいけない。,ロウヒ
two,kaki,,俳諧,の編著。,ハイカイ
two,kaki,,豪華,な夕食を食べる。,ゴウカ
two,kaki,世界一周の,壮図,を抱く。,ソウト
two,kaki,経営は,丼勘定,では成功しない。,ドンブリカンジョウ
two,kaki,,寂,として声なし。,セキ
two,kaki,国家の,安泰,を願う。,アンタイ
two,kaki,,腫瘍,を取り除く手術を受ける。,シュヨウ
two,kaki,川辺に,蚊柱,が立つ。,カバシラ
two,kaki,,空隙,を埋める。,クウゲキ
two,kaki,費用を,捻出,する。,ネンシュツ
two,kaki,,旺盛,な食欲。,オウセイ
two,kaki,悪党を,征伐,する。,セイバツ
two,kaki,一族の長老として,尊崇,を集める。,ソンスウ
two,kaki,,羞悪,の心。,シュウオ
two,kaki,窓を閉めて,遮音,する。,シャオン
two,kaki,,礎,を築いた人物。,イシズエ
two,kaki,法令を,改廃,する。,カイハイ
two,kaki,,比喩,的な言葉。,ヒユ
two,kaki,途中で,挫折,する。,ザセツ
two,kaki,,賭博,は禁止されている。,トバク
two,kaki,,舌鼓,を打つ。,シタツヅミ
two,kaki,,鍵穴,を隠す。,カギアナ
two,kaki,師の,薫陶,を受ける。,クントウ
two,kaki,仏道に,帰依,する。,キエ
two,kaki,,顎関節,症を治療する。,ガクカンセツ
two,kaki,つい,魔,が差してしまった。,マ
two,kaki,,窮地,に追い込まれる。,キュウチ
two,kaki,内乱が,勃発,した。,ボッパツ
two,kaki,,椎間板,ヘルニアの治療を受ける。,ツイカンバン
two,kaki,新しい技を,披露,する。,ヒロウ
two,kaki,有名女子大出身の,才媛,。,サイエン
two,kaki,世界的な,陶芸,家となる。,トウゲイ
two,kaki,大声で,罵倒,される。,バトウ
two,kaki,,斬新,な発想。,ザンシン
two,kaki,石でできた,臼,。,ウス
two,kaki,,楷書体,の書き方を学ぶ。,カイショタイ
two,kaki,道路の曲がり角付近は,徐行,しなければならない。,ジョコウ
two,kaki,魚が河川を,遡上,する。,ソジョウ
two,kaki,,嘲罵,を浴びせる。,チョウバ
two,kaki,,惰眠,をむさぼる。,ダミン
two,kaki,飛行機が海に,墜落,した。,ツイラク
two,kaki,,夕闇,の中を歩く。,ユウヤミ
two,kaki,公の弾劾により,罷免,される。,ヒメン
two,kaki,撮影を,一旦,中断した。,イッタン
two,kaki,その,旨,を伝える。,ムネ
two,kaki,,戦慄,が走る。,センリツ
two,kaki,,罵声,を浴びせる。,バセイ
two,kaki,,語呂,がいい言葉。,ゴロ
two,kaki,,山麓,の村。,サンロク
two,kaki,侵入を,水際,で食い止める。,ミズギワ
two,kaki,,冥加,に余る。,ミョウガ
two,kaki,容疑者は,失踪,した。,シッソウ
two,kaki,品物が,払底,している。,フッテイ
two,kaki,石器時代の,貝塚,を発掘する。,カイヅカ
two,kaki,ガスを,充填,する。,ジュウテン
two,kaki,,静粛,に願います。,セイシュク
two,kaki,,常夏,の国。,トコナツ
two,kaki,,産毛,が生えてきた。,ウブゲ
two,kaki,,罪業,を重ねる。,ザイゴウ
two,kaki,空に,虹,がかかる。,ニジ
two,kaki,他人の行為を,邪推,する。,ジャスイ
two,kaki,,虚空,に消える。,コクウ
two,kaki,対戦相手を,一蹴,する。,イッシュウ
two,kaki,,葛湯,を飲む。,クズユ
two,kaki,懲役又は,禁錮,に処す。,キンコ
two,kaki,,鶏,の卵。,ニワトリ
two,kaki,,断崖,絶壁に咲く花。,ダンガイ
two,kaki,犯人の,踪跡,を失った。,ソウセキ
two,kaki,両国の,溝,が埋まらない。,ミゾ
two,kaki,ランプが,点滅,している。,テンメツ
two,kaki,,旦夕,に迫る。,タンセキ
two,kaki,他人の成功を,嫉妬,する。,シット
two,kaki,周りに,嫉視,される。,シッシ
two,kaki,一週間の,断食,を始める。,ダンジキ
two,kaki,試験に,頻出,する問題。,ヒンシュツ
two,kaki,このゲームは,八百長,だ。,ヤオチョウ
two,kaki,,愁嘆場,を演じる。,シュウタンバ
two,kaki,不安を,払拭,する。,フッショク
two,kaki,ぜひ,拙宅,へお越し下さい。,セッタク
two,kaki,近所では有名な,愛猫,家だ。,アイビョウ
two,kaki,発熱と,悪寒,がする。,オカン
two,kaki,,肥沃,な土地。,ヒヨク
two,kaki,,僅差,で勝利する。,キンサ
two,kaki,呉服屋で,反物,を買った。,タンモノ
two,kaki,,桁,違いの金額。,ケタ
two,kaki,,近畿,地方の天気。,キンキ
two,kaki,試作品を,頒布,する。,ハンプ
two,kaki,,精緻,な技法。,セイチ
two,kaki,,柔軟,な発想が求められる。,ジュウナン
two,kaki,,会稽,の恥。,カイケイ
two,kaki,意見の,衝突,は避けられない。,ショウトツ
two,kaki,自分の,殻,に閉じこもる。,カラ
two,kaki,手も足も出ず,惨敗,した。,ザンパイ
two,kaki,,藍色,のカーテン。,アイイロ
two,kaki,織田家の,嫡子,である信長に嫁ぐ。,チャクシ
two,kaki,父は,融通,のきかない石頭だ。,ユウズウ
two,kaki,城内の,兵糧,が尽きた。,ヒョウロウ
two,kaki,作物が,霜害,の被害を受ける。,ソウガイ
two,kaki,台風の,爪痕,。,ツメアト
two,kaki,,紙幣,の両替を頼む。,シヘイ
two,kaki,今日はとんだ,厄日,だ。,ヤクビ
two,kaki,,焦眉,の急を要する。,ショウビ
two,kaki,目の前の光景に,慄然,とする。,リツゼン
two,kaki,敵の,要塞,を攻撃する。,ヨウサイ
two,kaki,,衆寡,敵せず。,シュウカ
two,kaki,彼の本性が,露呈,された。,ロテイ
two,kaki,山の,麓,に住む。,フモト
two,kaki,たぐいまれなる,傑物,だ。,ケツブツ
two,kaki,弾を,装填,する。,ソウテン
two,kaki,,好事家,の間で人気の品だ。,コウズカ
two,kaki,隣人に,会釈,してすれ違った。,エシャク
two,kaki,相手に,隙,を与えない。,スキ
two,kaki,,夢枕,に立つ。,ユメマクラ
two,kaki,,畏怖,の念を抱く。,イフ
two,kaki,乾杯の,音頭,を取る。,オンド
two,kaki,,旋風,を巻き起こす。,センプウ
two,kaki,,賄賂,を贈って買収する。,ワイロ
two,kaki,霊山浄土に,往詣,することができる。,オウケイ
two,kaki,,脚立,に登る。,キャタツ
two,kaki,,釜飯,のおいしいお店。,カマメシ
two,kaki,人前で,嘲弄,を受ける。,チョウロウ
two,kaki,,数寄屋,造りの家。,スキヤ
two,kaki,,剥製,の鳥。,ハクセイ
pre_two,kaki,,近隣,の住民との交流を深める。,キンリン
pre_two,kaki,注意事項を,記載,する。,キサイ
pre_two,kaki,まれにみる,極端,な例だ。,キョクタン
pre_two,kaki,今年の夏は記録的な,猛暑,だ。,モウショ
pre_two,kaki,二人の意見が,合致,した。,ガッチ
pre_two,kaki,昔の,面影,は今はもうない。,オモカゲ
pre_two,kaki,夏の大会連覇に向けて,闘志,を燃やす。,トウシ
pre_two,kaki,工場には高い,煙突,がある。,エントツ
pre_two,kaki,小さいころは,好奇心,が強い。,コウキシン
pre_two,kaki,夏の空は,雷雲,の発生に注意。,ライウン
pre_two,kaki,質と値段で,比較,する。,ヒカク
pre_two,kaki,試合の妨げになる,遅延,行為は罰則の対象だ。,チエン
pre_two,kaki,特許に,抵触,している可能性がある。,テイショク
pre_two,kaki,十年の,歳月,が流れた。,サイゲツ
pre_two,kaki,形が変形しないように,慎重,に運ぶ。,シンチョウ
pre_two,kaki,結婚式での,新郎,のあいさつ。,シンロウ
pre_two,kaki,最新技術に,驚嘆,する。,キョウタン
pre_two,kaki,経歴を詐称している,疑惑,がある。,ギワク
pre_two,kaki,今や携帯電話は,必需,品だ。,ヒツジュ
pre_two,kaki,価値観が,共鳴,する。,キョウメイ
pre_two,kaki,,独占,取材に成功した。,ドクセン
pre_two,kaki,,迫真,の演技だ。,ハクシン
pre_two,kaki,侵入を防ぐための巨大な,城壁,。,ジョウヘキ
pre_two,kaki,公園の,噴水,で子どもが遊んでいる。,フンスイ
pre_two,kaki,細かい点まで見えるように,拡大,する。,カクダイ
pre_two,kaki,犯人の指紋と,一致,した。,イッチ
pre_two,kaki,予測するには,範囲,が広すぎる。,ハンイ
pre_two,kaki,空には,雨雲,が広がっている。,アマグモ
pre_two,kaki,議題の,是非,を論じる。,ゼヒ
pre_two,kaki,５年分の消費量に,匹敵,する。,ヒッテキ
pre_two,kaki,俳句や和歌を,詠,む。,ヨ
pre_two,kaki,二人の間には,暗黙,の了解があったのだ。,アンモク
pre_two,kaki,会議室では,怒号,と罵声が飛び交っていた。,ドゴウ
pre_two,kaki,最新の,指紋,認証ロックは精度が高いので安心だ。,シモン
pre_two,kaki,海底から資源を,採掘,する。,サイクツ
pre_two,kaki,かぎ針を使って,鎖,編みをする。,クサリ
pre_two,kaki,海外に渡り彼はより一層の,飛躍,を遂げた。,ヒヤク
pre_two,kaki,奴はすぐ失敗の責任を,転嫁,する。,テンカ
pre_two,kaki,罪人を,遠流,する場所となっていた。,オンル
pre_two,kaki,欠席者は名前の部分を,斜線,を引いて消すことになっている。,シャセン
pre_two,kaki,地元のサッカークラブに,肩,入れする。,カタ
pre_two,kaki,何者かに,殴打,され、気を失っていた。,オウダ
pre_two,kaki,文書に,注釈,をつける。,チュウシャク
pre_two,kaki,ひと,芝居,打ってびっくりさせてやろう。,シバイ
pre_two,kaki,県内,屈指,の強豪チームだ。,クッシ
pre_two,kaki,大雨による洪水や土砂崩れを,警戒,する。,ケイカイ
pre_two,kaki,,娘,が初めて立って歩いた。,ムスメ
pre_two,kaki,犯人の立てこもる家に機動隊が,突入,した。,トツニュウ
pre_two,kaki,彼の活躍で,栄,えある優勝を手にした。,ハ
pre_two,kaki,すれ違いざまに軽く,会釈,した。,エシャク
pre_two,kaki,男性は特許侵害を,訴,えたが棄却された。,ウッタ
pre_two,kaki,実家の農業を,継,ぐことに決めた。,ツ
pre_two,kaki,彼の説には何の,根拠,もない。,コンキョ
pre_two,kaki,,御利益,のありそうなお守りだ。,ゴリヤク
pre_two,kaki,あの時の出来事は,忘却,したい。,ボウキャク
pre_two,kaki,魂を,込,めた一球を投げる。,コ
pre_two,kaki,虫取り,網,でセミを捕まえる。,アミ
pre_two,kaki,,微力,ながら協力させていただきます。,ビリョク
pre_two,kaki,身体が,火照,っている。,ホテ
pre_two,kaki,予定よりも早く目的地に,到達,した。,トウタツ
pre_two,kaki,庭に生える雑草を,刈,る。,カ
pre_two,kaki,毎晩の,就寝,時間が遅くなると体調が悪くなる。,シュウシン
pre_two,kaki,かなり,傾斜,のきつい坂道だ。,ケイシャ
pre_two,kaki,人間が,介入,することでバランスが崩れる。,カイニュウ
pre_two,kaki,彼は仏教に,帰依,している。,キエ
pre_two,kaki,数学の難問と,格闘,する。,カクトウ
pre_two,kaki,右手に,扇,を持つ女性が描かれている。,オウギ
pre_two,kaki,熱のせいで背筋に,悪寒,が走る。,オカン
pre_two,kaki,老齢になった彼は今でも当時と変わらぬ,健脚,を誇る。,ケンキャク
pre_two,kaki,パズルを飾るための,額縁,を買った。,ガクブチ
pre_two,kaki,業者が荷物の,搬入,作業をしている。,ハンニュウ
pre_two,kaki,,淡,い水色のシャツを買った。,アワ
pre_two,kaki,,格子,をとりつけた窓。,コウシ
pre_two,kaki,その道の,深奥,を極める。,シンオウ
pre_two,kaki,河川を,汚染,する工業廃液が問題となっている。,オセン
pre_two,kaki,根拠のない,俗説,を信じるのは愚かだ。,ゾクセツ
pre_two,kaki,島に渡る船は濃霧に,因,る欠航となった。,ヨ
pre_two,kaki,,黙,っていないで説明しなさい。,ダマ
pre_two,kaki,あの旅館はお年寄りに対する,配慮,に欠けている。,ハイリョ
pre_two,kaki,,過,ちを繰り返すのは人の常だ。,アヤマ
pre_two,kaki,あの言葉に,敏感,に反応するようになってしまった。,ビンカン
pre_two,kaki,,隣,の部屋に移り住んできた男性があいさつに来た。,トナリ
pre_two,kaki,捜査員によって証拠品は,押収,された。,オウシュウ
pre_two,kaki,病院で先進,医療,を受ける。,イリョウ
pre_two,kaki,余りに高熱なので,解熱,剤を服用した。,ゲネツ
pre_two,kaki,車がすれ違うには,道幅,が狭すぎる。,ミチハバ
pre_two,kaki,ここで犯罪が行われた,形跡,があった。,ケイセキ
pre_two,kaki,,痛烈,な打球に全く反応ができない。,ツウレツ
pre_two,kaki,自分の巣を,汚,すのは悪い鳥だ。,ケガ
pre_two,kaki,なかなか,離乳,できない赤ちゃんもいる。,リニュウ
pre_two,kaki,,最寄,りの病院へと急ぐ。,モヨ
pre_two,kaki,店の,軒下,で雨宿りする。,ノキシタ
pre_two,kaki,そんな,忌,まわしい話は止めてくれ。,イ
pre_two,kaki,社長の職を退き,隠居,する。,インキョ
pre_two,kaki,田舎は空気が,澄,んでいる。,ス
pre_two,kaki,,芋,を食うと腹が張る。,イモ
pre_two,kaki,国の,基,を定める。,モトイ
pre_two,kaki,政治的,手腕,が問われる状況だ。,シュワン
pre_two,kaki,急な電話に,胸騒,ぎがした。,ムナサワ
pre_two,kaki,お化け屋敷で,絶叫,する。,ゼッキョウ
pre_two,kaki,庭の落ち葉が,幾重,にもなる。,イクエ
pre_two,kaki,彼は,神妙,な顔で控えている。,シンミョウ
pre_two,kaki,口が上手くて,世渡,り上手だ。,ヨワタ
pre_two,kaki,大仏の修理が完了して,開眼,供養を行った。,カイゲン
pre_two,kaki,,茂,みの中に潜む友人に驚かされた。,シゲ
pre_two,kaki,能や,狂言,は日本の伝統芸能だ。,キョウゲン
pre_two,kaki,身の,丈,に合った暮らしをする。,タケ
pre_two,kaki,そういった事情を,鑑,みて最終的な判断をする。,カンガ
pre_two,kaki,日本一の,腕前,を披露する。,ウデマエ
pre_two,kaki,連続して台風に,見舞,われる。,ミマ
pre_two,kaki,クリームシチューが,煮,えてきた。,ニ
pre_two,kaki,先生の目を,盗,んで授業を抜け出す。,ヌス
pre_two,kaki,,一匹,の犬が寝ている。,イッピキ
pre_two,kaki,大きな,屋敷,に住んでいる。,ヤシキ
pre_two,kaki,遅刻した理由を,詰問,する。,キツモン
pre_two,kaki,こんなところで,足踏,みしている時ではない。,アシブ
pre_two,kaki,,物腰,の柔らかい人だ。,モノゴシ
pre_two,kaki,権力なんかに,迎合,してはいけない。,ゲイゴウ
pre_two,kaki,,脚立,が倒れないように支えてくれ。,キャタツ
pre_two,kaki,事を,荒,立てるつもりはない。,アラ
pre_two,kaki,野菜を,箱詰,めにして送る。,ハコヅ
pre_two,kaki,仕事中に,眠,くなる。,ネム
pre_two,kaki,町の復興のために,尽力,する。,ジンリョク
pre_two,kaki,ようやく彼は帰国の,途,についた。,ト
pre_two,kaki,彼は立派な,最期,を遂げた。,サイゴ
pre_two,kaki,セーターを,陰干,しする。,カゲボ
pre_two,kaki,実力より,肩書,がものをいう。,カタガキ
pre_two,kaki,,稲刈,りの時期なのに台風がやってくる。,イネカ
pre_two,kaki,発表の後も研究を,継続,する。,ケイゾク
pre_two,kaki,彼女は小犬と,戯,れている。,タワム
pre_two,kaki,その人の家は震災により,倒壊,した。,トウカイ
pre_two,kaki,,寝坊,癖が直らない。,ネボウ
pre_two,kaki,勝利の,祝杯,をあげる。,シュクハイ
pre_two,kaki,若くて,威勢,のいい男性だ。,イセイ
pre_two,kaki,,敏腕,弁護士の手によって無罪を勝ち取った。,ビンワン
pre_two,kaki,演習を,繰,り返し行って成長する。,ク
pre_two,kaki,試合前に,円陣,を組む。,エンジン
pre_two,kaki,新技術をきっかけにその会社は,躍進,を遂げる。,ヤクシン
pre_two,kaki,戦時中,空襲,により住む場所がなくなった。,クウシュウ
pre_two,kaki,舞台が終わり思わず,吐息,をもらす。,トイキ
pre_two,kaki,王の住む,宮殿,の前に民衆が集まっている。,キュウデン
pre_two,kaki,若者が集まっているようで外が,騒々（騒騒）,しい。,ソウゾウ
pre_two,kaki,話の,腰,を折るのはやめなさい。,コシ
pre_two,kaki,,虚空,をつかんで倒れる。,コクウ
pre_two,kaki,彼の話は少々,誇張,されている。,コチョウ
pre_two,kaki,古墳に,盗掘,された形跡がある。,トウクツ
pre_two,kaki,過去の苦しい生活を,黙想,した。,モクソウ
pre_two,kaki,人間関係には,相互,理解が欠かせない。,ソウゴ
pre_two,kaki,,宮内庁,の管理下に置かれる。,クナイチョウ
pre_two,kaki,急な申し出に,困惑,している。,コンワク
pre_two,kaki,相手と,競,り合って負けてしまった。,セ
pre_two,kaki,新たな,罰則,を設けて取り締まりを強化する。,バッソク
pre_two,kaki,急な出費が家計を,脅,かす。,オビヤ
pre_two,kaki,,腐敗,した政界には期待できない。,フハイ
pre_two,kaki,良いアイデアが,満載,の雑誌です。,マンサイ
pre_two,kaki,彼は,非業,の死を遂げた。,ヒゴウ
pre_two,kaki,交渉が,首尾,よくまとまった。,シュビ
pre_two,kaki,今年の,盆,は実家に帰れそうだ。,ボン
pre_two,kaki,植物の,耐寒,性の実験を行う。,タイカン
pre_two,kaki,法を,狭義,に解釈する。,キョウギ
pre_two,kaki,あなたの,仰,せのままに。,オオ
pre_two,kaki,大きな,翼,で飛んでいる。,ツバサ
pre_two,kaki,チームの命運は彼の,双肩,に掛かっている。,ソウケン
pre_two,kaki,敵方が新たな,刺客,を放った。,シカク
pre_two,kaki,久しぶりに長期,休暇,をもらった。,キュウカ
pre_two,kaki,多くの人材を,輩出,した名門校だ。,ハイシュツ
pre_two,kaki,彼の,潔,い態度が社長に気に入られた。,イサギヨ
pre_two,kaki,可愛い動物を,虐,げるのは許せない。,シイタ
pre_two,kaki,,米粒,程の大きさしかない昆虫。,コメツブ
pre_two,kaki,毎朝の,勤行,を怠りなく続けている。,ゴンギョウ
pre_two,kaki,彼が,凡人,でないことは明白だ。,ボンジン
pre_two,kaki,彼に最後のチャンスを,与,える。,アタ
pre_two,kaki,彼らは将来を,契,った仲だ。,チギ
pre_two,kaki,これは祖先への,供物,です。,クモツ
pre_two,kaki,その公園は周辺住民の,憩,いの場となっている。,イコ
pre_two,kaki,衣服や持ち物が,夜露,で湿っている。,ヨツユ
pre_two,kaki,圧倒的な,跳躍,力が彼の武器だ。,チョウヤク
pre_two,kaki,その神様は,霊験,あらたかであると評判だ。,レイゲン
pre_two,kaki,,麻,で作った縄を用いる。,アサ
pre_two,kaki,嫁の,機嫌,を取るのは難しい。,キゲン
pre_two,kaki,彼女はいつも寝るときにぬいぐるみを,抱,いて寝ている。,ダ
pre_two,kaki,音楽に合わせて,踊,る。,オド
pre_two,kaki,話し込んでいる間に夜も,更,けてしまった。,フ
pre_two,kaki,その事件は,江戸,時代の出来事だ。,エド
pre_two,kaki,犯人からの要求を,拒否,する。,キョヒ
pre_two,kaki,この車に五人で乗ると,狭,すぎる。,セマ
pre_two,kaki,言動を,慎,みなさい。,ツツシ
pre_two,kaki,扶養者の数だけ税金が,控除,される。,コウジョ
pre_two,kaki,全員に聞いてみると,肯定,意見の方が多い。,コウテイ
pre_two,kaki,衝撃事件の,核心,に迫る。,カクシン
pre_two,kaki,対戦相手に技量は数段,劣,っているのは確かだ。,オト
pre_two,kaki,今月の,上旬,にお食事しましょう。,ジョウジュン
pre_two,kaki,町,興,しのために町内会は必至だ。,オコ
pre_two,kaki,食料が無く、多くの子供達が,飢,えている。,ウ
pre_two,kaki,天気予報を見ていたのに、,傘,を忘れてしまった。,カサ
pre_two,kaki,歯医者に行って歯を,抜,いてもらった。,ヌ
pre_two,kaki,先祖代々伝わる技術を,継承,する。,ケイショウ
pre_two,kaki,雇い主から,搾取,され続けては生活が持たない。,サクシュ
pre_two,kaki,相手国の行動に、,遺憾,の意を表明する。,イカン
pre_two,kaki,氷を,砕,いてジュースに入れる。,クダ
pre_two,kaki,鏡が,曇,っている。,クモ
pre_two,kaki,下級生の,模範,となる行動をしてください。,モハン
pre_two,kaki,彼は繊細の,権化,のようです。,ゴンゲ
pre_two,kaki,会社の派閥争いの,渦,に巻き込まれる。,ウズ
pre_two,kaki,彼はこの陸上部の中で一番の,俊足,だ。,シュンソク
pre_two,kaki,彼の文章には,色彩,がある。,シキサイ
pre_two,kaki,,恒久,の平和を願う。,コウキュウ
pre_two,kaki,大,恐慌,が世界中に広がった。,キョウコウ
pre_two,kaki,窓を開けて寝ていたら,蚊,に首を刺された。,カ
pre_two,kaki,日差しが強いので,遮光,カーテンを取り付ける。,シャコウ
pre_two,kaki,こちらの用意した物がお気に,召,すと良いのですが。,メ
pre_two,kaki,絶好のボールを,見逃,してしまった。,ミノガ
pre_two,kaki,,居候,の身分で偉そうだぞ。,イソウロウ
pre_two,kaki,道端に,人垣,ができる。,ヒトガキ
pre_two,kaki,話題のゲームの発売に,長蛇,の列ができた。,チョウダ
pre_two,kaki,その製品は水面に,浮,く性質がある。,ウ
pre_two,kaki,著作権の,侵害,に該当する。,シンガイ
pre_two,kaki,部屋の中で,絞殺,された遺体が見つかった。,コウサツ
pre_two,kaki,材質を十分に,吟味,すべし。,ギンミ
pre_two,kaki,彼らには何度も,苦汁,を飲まされている。,クジュウ
pre_two,kaki,隣の部屋との壁が,薄,くていつも声が聞こえる。,ウス
pre_two,kaki,絶えない訪問客に,忙殺,された。,ボウサツ
pre_two,kaki,全国の遺跡を,行脚,する。,アンギャ
pre_two,kaki,諸問題を,包括,して取り扱う。,ホウカツ
pre_two,kaki,入院中の,叔父,のお見舞いにいく。,オジ
pre_two,kaki,,雌花,には雄しべがない。,メバナ
pre_two,kaki,病院で,治療,を受ける。,チリョウ
pre_two,kaki,将棋のこまの,香車,は真っ直ぐにしか進めない。,キョウシャ
pre_two,kaki,海上を警備するための,艦艇,を保有する。,カンテイ
pre_two,kaki,高価な,真珠,のネックレスだ。,シンジュ
pre_two,kaki,夜になると野生の,獣,が飛び出してくる時がある。,ケモノ
pre_two,kaki,私が飼っている犬は,雄,です。,オス
pre_two,kaki,研究所には毒ガスが,充満,している。,ジュウマン
pre_two,kaki,野生生物の体液には,雑菌,が多く含まれている。,ザッキン
pre_two,kaki,刑務所での火事に乗じて,囚人,が脱走する。,シュウジン
pre_two,kaki,大衆の前で,醜態,をさらす。,シュウタイ
pre_two,kaki,全国大会では,惨敗,してしまった。,ザンパイ
pre_two,kaki,実家には,畳,の部屋があるのでそこで寝ている。,タタミ
pre_two,kaki,友人と,近況,について報告し合う。,キンキョウ
pre_two,kaki,河川の,自浄,作用を活用した水質向上設備を作る。,ジジョウ
pre_two,kaki,平和のために,鋭意,研究に従事します。,エイイ
pre_two,kaki,彼女はとても料理の,手際,が良い。,テギワ
pre_two,kaki,学生に,援護,の手を差し伸べる。,エンゴ
pre_two,kaki,重要な任務に成功したので,報酬,を与える。,ホウシュウ
pre_two,kaki,一部屋しかないので三人で住むには,窮屈,な家だ。,キュウクツ
pre_two,kaki,体力のない時は,滋養,のある食べ物が良い。,ジヨウ
pre_two,kaki,,給仕,は新しいお皿を取りに行った。,キュウジ
pre_two,kaki,雨が降った後は,霧,のせいで先が見えなくなる。,キリ
pre_two,kaki,落とした財布を,血眼,になって捜し回る。,チマナコ
pre_two,kaki,裁判中は,静粛,にしてください。,セイシュク
pre_two,kaki,ここを調査の,拠点,にしよう。,キョテン
pre_two,kaki,遠くで,稲妻,が走る。,イナズマ
pre_two,kaki,心臓の役割は、体中に血液を,循環,させることだ。,ジュンカン
pre_two,kaki,きちんと,煮沸,消毒していれば問題はない。,シャフツ
pre_two,kaki,古いものが壊れてしまったので,洗濯機,を購入する。,センタクキ
pre_two,kaki,彼の長所は優れた,洞察力,を持っているところだ。,ドウサツリョク
pre_two,kaki,初めての外国で文化の違いに戸,惑,う。,マド
pre_two,kaki,その,条項,は法律により定められている。,ジョウコウ
pre_two,kaki,この大会を辞退する,旨,を伝える。,ムネ
pre_two,kaki,彼の行動が怪しいので、,探偵,を雇って調査する。,タンテイ
pre_two,kaki,,山奥,は危ないので行っては駄目です。,ヤマオク
pre_two,kaki,毎日家に帰ると仕事の,愚痴,をこぼす。,グチ
pre_two,kaki,珍しい海の幸に舌,鼓,を打つ。,ツヅミ
pre_two,kaki,あの時目撃したことを,法廷,で証言する。,ホウテイ
pre_two,kaki,,木綿,の服を作る。,モメン
pre_two,kaki,野生動物は自ら,狩,りをして食料を確保する。,カ
pre_two,kaki,日本にも多くの,珍味,がある。,チンミ
pre_two,kaki,水道の水で,産湯,を使った。,ウブユ
pre_two,kaki,人里離れた,山荘,に泊まる。,サンソウ
pre_two,kaki,宗教学の研究室で,儒教,について研究する。,ジュキョウ
pre_two,kaki,彼の行動は常識から,逸脱,している。,イツダツ
pre_two,kaki,南国の海は本当に,透明,だ。,トウメイ
pre_two,kaki,一部の,好事家,の間では人気のある品物だ。,コウズカ
pre_two,kaki,,庶民,の生活が染みついている。,ショミン
pre_two,kaki,右,端,の列から順番に座っていきなさい。,ハシ
pre_two,kaki,津波に備えて,堤防,を高くする。,テイボウ
pre_two,kaki,将来の夢はこの街の,秩序,を守ることだ。,チツジョ
pre_two,kaki,地元のお祭りで,歌謡,大会が開かれた。,カヨウ
pre_two,kaki,何かを,成就,させるのは大変な努力が必要だ。,ジョウジュ
pre_two,kaki,毎日が暇なので,自堕落,な生活を送る。,ジダラク
pre_two,kaki,貸出物の返却を,督促,する。,トクソク
pre_two,kaki,彼は言葉巧みに女性を,口説,く。,クド
pre_two,kaki,大金持ちの一家はあの,豪邸,に住んでいる。,ゴウテイ
pre_two,kaki,相手がひるんだ,瞬間,を見逃さなかった。,シュンカン
pre_two,kaki,家に帰ると子供と,女房,が待っている。,ニョウボウ
pre_two,kaki,私の言い方が気に,障,ったのならごめんなさい。,サワ
pre_two,kaki,お互いがなかなか引かないので,妥協,点を見つける。,ダキョウ
pre_two,kaki,彼は以前からの不平や不満を,吐露,した。,トロ
pre_two,kaki,,金遣,いの荒い人とは友達になれない。,カネヅカ
pre_two,kaki,迷子を見つけようと町を,捜索,した。,ソウサク
pre_two,kaki,この店は,用途,の分からないものを売っている。,ヨウト
pre_two,kaki,ここで作られた金属は表面の,凹凸,が少ない。,オウトツ
pre_two,kaki,この戦が彼にとって,初陣,であった。,ウイジン
pre_two,kaki,あの状況では,選択肢,がなかった。,センタクシ
pre_two,kaki,何もできないくせに,偉,そうな態度をとる。,エラ
pre_two,kaki,動物を,慈,しむことが大切です。,イツク
pre_two,kaki,チーム創設からの,熱狂,的なサポーターだ。,ネッキョウ
pre_two,kaki,あんな素人が書いた文章は読むまでもない,駄文,だ。,ダブン
pre_two,kaki,隣人から,里芋,をいただいた。,サトイモ
pre_two,kaki,彼女はいつも,対抗,心を燃やしている。,タイコウ
pre_two,kaki,わが社の業績は回復,傾向,にある。,ケイコウ
pre_two,kaki,父親が息子を,肩車,している。,カタグルマ
pre_two,kaki,山の上からは農繁期を迎えた,棚田,が見える。,タナダ
pre_two,kaki,ある宗教では一年のうち一度,断食,をする日がある。,ダンジキ
pre_two,kaki,今回の試合で欠点が,露呈,してしまった。,ロテイ
pre_two,kaki,彼の始めた店は,繁盛,しているようだ。,ハンジョウ
pre_two,kaki,わが社の最新モデルは、新型のエンジンを,搭載,している。,トウサイ
pre_two,kaki,どの業界も日本の,不況,の影響は受けている。,フキョウ
pre_two,kaki,この祭りでは毎年子供たちが,盆踊,りを練習する。,ボンオド
pre_two,kaki,お,遍路,さんの一行は四国へと向かった。,ヘンロ
pre_two,kaki,容姿は美しいが、内面は,醜,い人だ。,ミニク
pre_two,kaki,その,峰,は雲の上にそびえ立っている。,ミネ
pre_two,kaki,高い所では風が強く,吹,いている。,フ
pre_two,kaki,彼は日本各地へ,遊説,へ行っている。,ユウゼイ
pre_two,kaki,原稿用紙の,升目,を埋める。,マスメ
pre_two,kaki,最近,白髪,が増えてきた。,シラガ
pre_two,kaki,彼が大会に,旋風,を巻き起こす。,センプウ
pre_two,kaki,彼の怒りの,矛先,は私へ向いた。,ホコサキ
pre_two,kaki,彼には,昔日,の面影はない。,セキジツ
pre_two,kaki,これらは自然,治癒,力を引き出すものです。,チユ
pre_two,kaki,普段は,寡黙,な彼にしてはよく話している。,カモク
pre_two,kaki,自分を,辱,めることのないように生きなさい。,ハズカシ
pre_two,kaki,関連する研究を,丹念,に調べる。,タンネン
pre_two,kaki,もっと,頼,りにしてくれていいんですよ。,タヨ
pre_two,kaki,手術のため全身,麻酔,の注射を打つ。,マスイ
pre_two,kaki,交通事故に遭ったが、運よく,打撲,で済んだ。,ダボク
pre_two,kaki,,群青,の大海原に旅立つ。,グンジョウ
pre_two,kaki,祖母の作った,煮物,は味付けが濃い。,ニモノ
pre_two,kaki,山奥を進んで行くと,沢,があった。,サワ
pre_two,kaki,彼女は,亭主,を頼りにしている。,テイシュ
pre_two,kaki,この映画は近年の若者の話し方を,如実,に反映している。,ニョジツ
pre_two,kaki,新規事業に成功して大金を,稼,ぐ。,カセ
pre_two,kaki,街中で友達を,鉢合,わせる。,ハチア
pre_two,kaki,週末だからといって,暇,なわけではない。,ヒマ
pre_two,kaki,この季節になるとこの海では,海藻,がよく獲れる。,カイソウ
pre_two,kaki,春になると,霜害,により多大な被害が出る。,ソウガイ
pre_two,kaki,新車で,峠,を攻める。,トウゲ
pre_two,kaki,普段から,肩身,の狭い思いをしている。,カタミ
pre_two,kaki,,常夏,の国に旅行に行く。,トコナツ
pre_two,kaki,彼の身勝手な行動に,憤激,する。,フンゲキ
pre_two,kaki,自転車で,砂利,道は通りたくない。,ジャリ
pre_two,kaki,悪徳政治家を,贈賄,の容疑で逮捕する。,ゾウワイ
pre_two,kaki,,岬,をまわって航海する。,ミサキ
pre_two,kaki,,豪快,な笑い方が上司から好感を得たようだ。,ゴウカイ
pre_two,kaki,寺の僧りょにお,布施,を包む。,フセ
pre_two,kaki,後輩の分まで,払,っておく。,ハラ
pre_two,kaki,寺を,建立,する。,コンリュウ
pre_two,kaki,両親の葬儀は兄が,喪主,を務めた。,モシュ
pre_two,kaki,その老人は,柔和,なほほえみを見せていた。,ニュウワ
pre_two,kaki,彼が後を継げばこの先も,安泰,だ。,アンタイ
pre_two,kaki,もう勝ち目はないが、どうにか,一矢,報いたい。,イッシ
pre_two,kaki,帰宅すると犬がしっぽを,振,って出迎えてくれる。,フ
pre_two,kaki,あなたたちの活躍を,祈念,しています。,キネン
pre_two,kaki,必要,且,つ十分な条件だ。,カ
pre_two,kaki,大地震が発生し町が,津波,に襲われる。,ツナミ
pre_two,kaki,,盲導犬,としての訓練を受ける。,モウドウケン
pre_two,kaki,選挙に競り勝ち、政権を,獲得,する。,カクトク
pre_two,kaki,食あたりを起こして食べたものを,吐,いてしまった。,ハ
pre_two,kaki,食卓を,彩,る野菜を盛り付ける。,イロド
pre_two,kaki,彼の言い方では,語弊,がある。,ゴヘイ
pre_two,kaki,地面との,摩擦,でタイヤがすり減る。,マサツ
pre_two,kaki,洪水で,堤,が切れそうだ。,ツツミ
pre_two,kaki,彼の手入れする庭には,風情,がある。,フゼイ
pre_two,kaki,証拠不十分のため不,起訴,となった。,キソ
pre_two,kaki,,川柳,を読むのが趣味だ。,センリュウ
pre_two,kaki,受験の為に子供を,塾,に通わせる。,ジュク
pre_two,kaki,突然雨が降り出して,雷,が鳴りだした。,カミナリ
pre_two,kaki,敵国からの,逆襲,を受けた。,ギャクシュウ
pre_two,kaki,あなたのありがたみが身に,染,みたよ。,シ
pre_two,kaki,新居の,棟上,げが楽しみだ。,ムネア
pre_two,kaki,徐々に争いが,泥沼,化してきた。,ドロヌマ
pre_two,kaki,日本海を,巡視,する船。,ジュンシ
pre_two,kaki,,詳,しい事情はお話しできません。,クワ
pre_two,kaki,どこかで負の,連鎖,を断ち切らないと。,レンサ
pre_two,kaki,夕飯を食べる間に,浴槽,にお湯を入れる。,ヨクソウ
pre_two,kaki,,短冊,に願い事を書く。,タンザク
pre_two,kaki,体調が悪いので病院で,診察,を受ける。,シンサツ
pre_two,kaki,小さな町がいくつか,合併,して今の町ができた。,ガッペイ
pre_two,kaki,旅行先で,寝床,を探す。,ネドコ
pre_two,kaki,社会を,風刺,した映画を撮る。,フウシ
pre_two,kaki,彼女は毎日学校まで親が,送迎,してくれているようだ。,ソウゲイ
pre_two,kaki,ここまで来たら、もう,後戻,りできない。,アトモド
pre_two,kaki,彼は身勝手が過ぎるので,陰口,を言われている。,カゲグチ
pre_two,kaki,時間は,瞬,く間に過ぎてしまった。,マタタ
pre_two,kaki,その言葉に非常に,感銘,を受けた。,カンメイ
pre_two,kaki,二つの職務を,兼,ねている。,カ
pre_two,kaki,なんとも,神々（神神）,しい雰囲気をまとった人だ。,コウゴウ
pre_two,kaki,彼の投げる球は速すぎて,回避,できない。,カイヒ
pre_two,kaki,そんな,悠長,なことを言っている時ではない。,ユウチョウ
pre_two,kaki,おせち料理を,漆塗,りの重箱に詰める。,ウルシヌ
pre_two,kaki,自分の成績を,誇,る。,ホコ
pre_two,kaki,今回の任務では多くの,殉職,者を出してしまった。,ジュンショク
pre_two,kaki,正月にはお,節,料理を食べるのが慣習だ。,セチ
pre_two,kaki,先ほどの発言は,撤回,します。,テッカイ
pre_two,kaki,運動会があったから月曜日は,振替,休日だ。,フリカエ
pre_two,kaki,多くの人が新サービスの,恩恵,を受ける。,オンケイ
pre_two,kaki,何にも縛られない自由,奔放,な生活。,ホンポウ
pre_two,kaki,船で,沖,まで出ないとなかなか釣れない。,オキ
pre_two,kaki,上位にいる人は何か一芸に,秀,でている。,ヒイ
pre_two,kaki,理科の実験で魚の,解剖,を行った。,カイボウ
three,kaki,株式会社を,設立,する。,セツリツ
three,kaki,,一寸,先はやみ。,イッスン
three,kaki,公園の,大樹,の影に座る。,タイジュ
three,kaki,新しい命の,誕生,を祝う。,タンジョウ
three,kaki,子供は,砂場,遊びが大好きだ。,スナバ
three,kaki,彼は,筋金,入りの職人だ。,スジガネ
three,kaki,連絡が来るまで自宅で,待機,することになった。,タイキ
three,kaki,歓迎会を,盛大,に行う。,セイダイ
three,kaki,責任者である,班長,の指示に従う。,ハンチョウ
three,kaki,,厳格,な審査が必要である。,ゲンカク
three,kaki,食事を,摂取,する。,セッシュ
three,kaki,,錠剤,の薬を飲む。,ジョウザイ
three,kaki,,暫定,的に再開する。,ザンテイ
three,kaki,一人でいるのは,孤独,だ。,コドク
three,kaki,彼は,既婚,者で二人の子供がいる。,キコン
three,kaki,不要な書類を,破棄,する。,ハキ
three,kaki,禁止事項に,該当,する。,ガイトウ
three,kaki,主人公が,怪獣,と戦う。,カイジュウ
three,kaki,来年度より法令が,施行,される。,シコウ
three,kaki,肩こりで,湿布,をはる。,シップ
three,kaki,業務を外部に,委託,する。,イタク
three,kaki,ケーブルを地下に,埋設,する。,マイセツ
three,kaki,蓄えていた,食糧,が底をつく。,ショクリョウ
three,kaki,学校の,廊下,を走ってはいけない。,ロウカ
three,kaki,係長から部長に,昇進,する。,ショウシン
three,kaki,文の,体裁,を整える。,テイサイ
three,kaki,その方法は,得策,とは言えない。,トクサク
three,kaki,新たなシーズンが,開幕,する。,カイマク
three,kaki,悪天候のため試合を,日延,する。,ヒノべ
three,kaki,新人の時の熱意を,想起,する。,ソウキ
three,kaki,不足分を,補,う。,オギナ
three,kaki,講義が終わったら,質疑,応答の時間です。,シツギ
three,kaki,この件は早急に,善処,いたします。,ゼンショ
three,kaki,他人の,空似,。,ソラニ
three,kaki,次の駅までの,運賃,はいくらですか。,ウンチン
three,kaki,その件に関しては,賛否,両論だ。,サンピ
three,kaki,出掛ける妻を,笑顔,で見送る夫。,エガオ
three,kaki,車のエンジンが,故障,する。,コショウ
three,kaki,過去十年間での人口の,推移,を調べる。,スイイ
three,kaki,高い,品格,を保つ。,ヒンカク
three,kaki,昔のことを思い出し、,感傷,的になってしまった。,カンショウ
three,kaki,そろそろ,衣替,えの時期だ。,コロモガ
three,kaki,,一匹,の犬が寝ている。,イッピキ
three,kaki,不真面目な生活を,痛切,に実感する。,ツウセツ
three,kaki,周囲の皆を,欺,く行動だった。,アザム
three,kaki,,仮病,を使って学校を休んだ。,ケビョウ
three,kaki,作戦が失敗した,要因,はなんだったのか。,ヨウイン
three,kaki,昨年彼が,訪欧,した際に仲良くなった。,ホウオウ
three,kaki,,磁石,のS極とN極はくっつく。,ジシャク
three,kaki,,茂,みの中に潜む友人に驚かされた。,シゲ
three,kaki,物事には,潮時,がある。,シオドキ
three,kaki,この町には優秀な,外科医,がいる。,ゲカイ
three,kaki,かぎ針を使って,鎖,編みをする。,クサリ
three,kaki,世界各国を,歴訪,する。,レキホウ
three,kaki,食べ物を手に入れないと,餓死,してしまう。,ガシ
three,kaki,一人の,負担,が大きいのはよくない。,フタン
three,kaki,夕方には空が,紅,に染まる。,クレナイ
three,kaki,大学図書館で本を,閲覧,する。,エツラン
three,kaki,王の住む,宮殿,の前に民衆が集まっている。,キュウデン
three,kaki,セミは早朝に,羽化,する。,ウカ
three,kaki,彼本来の実力が,発揮,できていなかった。,ハッキ
three,kaki,,夏至,は一年で最も日が長い。,ゲシ
three,kaki,なんとも,哀切,を極めた物語だ。,アイセツ
three,kaki,台風で運動会は,順延,となった。,ジュンエン
three,kaki,口が上手くて,世渡,り上手だ。,ヨワタ
three,kaki,計画の,概略,を説明する。,ガイリャク
three,kaki,彼は,神妙,な顔で控えている。,シンミョウ
three,kaki,彼は,自我,がとても強い。,ジガ
three,kaki,船の,模型,を作る。,モケイ
three,kaki,観客こそが彼の力の,源,だ。,ミナモト
three,kaki,,架空,の登場人物を作り上げる。,カクウ
three,kaki,,格子,をとりつけた窓。,コウシ
three,kaki,工場への,供給,が止まってしまった。,キョウキュウ
three,kaki,彼女の,演奏,を聴きたくてやってきたのだ。,エンソウ
three,kaki,夕焼けが空に,映,える。,ハ
three,kaki,学校の友達が,忌引,きしていた。,キビ
three,kaki,祖父の,遺言,書が見つかった。,ユイゴン
three,kaki,,処置,が少しでも遅れていたら大変だった。,ショチ
three,kaki,大,恐慌,が世界中に広がった。,キョウコウ
three,kaki,古墳に,盗掘,された形跡がある。,トウクツ
three,kaki,相手とはできるだけ,穏便,に済ませたい。,オンビン
three,kaki,我が校始まって以来、初めての,栄冠,に輝いた。,エイカン
three,kaki,急な電話に,胸騒,ぎがした。,ムナサワ
three,kaki,この山の,頂,には神社がある。,イタダキ
three,kaki,日本人は礼儀の,化身,などと言われている。,ケシン
three,kaki,万引きについて従業員に注意,喚起,をする。,カンキ
three,kaki,生徒を,率,いて遠足に行く。,ヒキ
three,kaki,,稲刈,りの時期なのに台風がやってくる。,イネカ
three,kaki,近所を,怪,しい男がうろうろしている。,アヤ
three,kaki,最新刊が,入荷,しました。,ニュウカ
three,kaki,だれにも教わらず,我流,でここまで覚えた。,ガリュウ
three,kaki,黒い,塊,が落ちている。,カタマリ
three,kaki,お寺の,鐘,を鳴らす。,カネ
three,kaki,５年分の消費量に,匹敵,する。,ヒッテキ
three,kaki,魚を,干物,にして食べる。,ヒモノ
three,kaki,会議室では,怒号,が飛び交っていた。,ドゴウ
three,kaki,このままでは命が,危,うい。,アヤ
three,kaki,このチームにとって,脅威,となる存在だ。,キョウイ
three,kaki,階段ではなく,緩,やかな坂道になっている。,ユル
three,kaki,次期部長には彼を,推,します。,オ
three,kaki,国の,基,を定める。,モトイ
three,kaki,正しい,姿勢,でいないと腰を痛めますよ。,シセイ
three,kaki,部長が,宴席,でスピーチする。,エンセキ
three,kaki,入社二年目で、初めて自分の,企画,が採用された。,キカク
three,kaki,,貴,い体験が出来て光栄でした。,タット
three,kaki,,淡,い水色のシャツを買った。,アワ
three,kaki,なかなか,離乳,できない赤ちゃんもいる。,リニュウ
three,kaki,この失敗についてはただ,平謝,りするしかない。,ヒラアヤマ
three,kaki,,機織,りを習っている。,ハタオ
three,kaki,彼女はご,満悦,のようだ。,マンエツ
three,kaki,外界から,隔絶,された場所だ。,カクゼツ
three,kaki,権力なんかに,迎合,してはいけない。,ゲイゴウ
three,kaki,,株主,総会の準備で忙しい。,カブヌシ
three,kaki,ねぼけ,眼,をこすりながら起きてきた。,マナコ
three,kaki,彼の体が,小刻,みに震えている。,コキザ
three,kaki,,幾何,学の基本だけは知っている。,キカ
three,kaki,君は,賢,い子どもだな。,カシコ
three,kaki,今や携帯電話は,必需,品だ。,ヒツジュ
three,kaki,,脚立,が倒れないように支えてくれ。,キャタツ
three,kaki,彼の意見に,賛同,するものはいなかった。,サンドウ
three,kaki,長かった工事が終わり、ようやくトンネルが,貫通,した。,カンツウ
three,kaki,罪人を,遠流,する場所となっていた。,オンル
three,kaki,若いころは健康で,明朗,な青年であった。,メイロウ
three,kaki,,遺失,物を勝手に使ってはいけません。,イシツ
three,kaki,日本語の,母音,とはあ、い、う、え、おのことだ。,ボイン
three,kaki,,御利益,のありそうなお守りだ。,ゴリヤク
three,kaki,車を,分割,払いで買った。,ブンカツ
three,kaki,今年の冬は余計に寒さが,厳,しい。,キビ
three,kaki,地元のサッカークラブに,肩,入れする。,カタ
three,kaki,部屋の中で,絞殺,された遺体が見つかった。,コウサツ
three,kaki,空には,雨雲,が広がっている。,アマグモ
three,kaki,子供の誕生記念に,植樹,する。,ショクジュ
three,kaki,言い,訳,は聞きたくありません。,ワケ
three,kaki,いくら計算が正しくても、実験しなければ,机上,の空論だ。,キジョウ
three,kaki,ようやく彼は帰国の,途,についた。,ト
three,kaki,昔の,面影,は今はもうない。,オモカゲ
three,kaki,彼の活躍で,栄,えある優勝を手にした。,ハ
three,kaki,彼は日本にきたばかりだが、,片言,とは言え日本語を話せる。,カタコト
three,kaki,君にはそんな,器,はないよ。,ウツワ
three,kaki,雇い主から,搾取,され続けては生活が持たない。,サクシュ
three,kaki,十年の,歳月,が流れた。,サイゲツ
three,kaki,県内,屈指,の強豪チームだ。,クッシ
three,kaki,水玉,模様,のスカートを着る。,モヨウ
three,kaki,学校では一番だと,自負,する。,ジフ
three,kaki,試合の妨げになる,遅延,行為は罰則の対象だ。,チエン
three,kaki,あの旅館はお年寄りに対する,配慮,に欠けている。,ハイリョ
three,kaki,あなたの思ってるようなことではないので,勘違,いしないでください。,カンチガ
three,kaki,,芋,を食うと腹が張る。,イモ
three,kaki,過去の苦しい生活を,黙想,した。,モクソウ
three,kaki,君にそんなことを言われる,筋合,いはない。,スジア
three,kaki,次の部長,候補,は彼に決まりだな。,コウホ
three,kaki,簡単な場面で失敗して,面目,ない。,メンボク
three,kaki,中学では,弓道,をやっていました。,キュウドウ
three,kaki,蒸気が,凝縮,して水となった。,ギョウシュク
three,kaki,演習を,繰,り返し行って成長する。,ク
three,kaki,彼は,独創,的な発想の持ち主だった。,ドクソウ
three,kaki,相手の戦法を,逆手,にとった。,サカテ
three,kaki,彼は学問を,究,めることを選んだ。,キワ
three,kaki,新しいリーダーは,大胆,なメンバー変更を行った。,ダイタン
three,kaki,海底から資源を,採掘,する。,サイクツ
three,kaki,衛星を,軌道,に乗せる。,キドウ
three,kaki,生徒に感謝されて,号泣,してしまった。,ゴウキュウ
three,kaki,環境の,著,しい変化に対応できない。,イチジル
three,kaki,大根を,輪切,りにしてください。,ワギ
three,kaki,彼は仏教に,帰依,している。,キエ
three,kaki,,近隣,の住民との交流を深める。,キンリン
three,kaki,知り合いと,偶然,出会った。,グウゼン
three,kaki,出掛ける時は,出窓,から犬が見送ってくれる。,デマド
three,kaki,剣の道を,極,めた。,キワ
three,kaki,大,規模,なプロジェクトを任される。,キボ
three,kaki,欠席者は名前の部分を,斜線,を引いて消すことになっている。,シャセン
three,kaki,決勝戦で負けると余計に,悔,しい。,クヤ
three,kaki,,健,やかに育ってくれればそれだけで十分だ。,スコ
three,kaki,まだまげを,結,うことの出来ない新人力士だ。,ユ
three,kaki,そんな,生易,しいものではありませんよ。,ナマヤサ
three,kaki,,求刑,通りの判決となった。,キュウケイ
three,kaki,こんなところで,足踏,みしている時ではない。,アシブ
three,kaki,流行に,後,れてしまった。,オク
three,kaki,毎回買うよりも回数券を買うほうが,割安,だ。,ワリヤス
three,kaki,祖母の,墓参,りに行く。,ハカマイ
three,kaki,彼には,潔癖,すぎるところがある。,ケッペキ
three,kaki,仕事中に,眠,くなる。,ネム
three,kaki,普段は,温厚,な彼もさすがに怒るかもね。,オンコウ
three,kaki,屋根の,補修,作業に取り掛かる。,ホシュウ
three,kaki,,厳密,には定義が異なります。,ゲンミツ
three,kaki,病気の夫を,看病,する。,カンビョウ
three,kaki,船が,海峡,を通過する。,カイキョウ
three,kaki,お寺の,境内,に入る。,ケイダイ
three,kaki,あの日をきっかけに彼に責任感が,芽生,えた。,メバ
three,kaki,自分の巣を,汚,すのは悪い鳥だ。,ケガ
three,kaki,チョコレートで,糖分,を補給する。,トウブン
three,kaki,二人きりの旅を,満喫,してください。,マンキツ
three,kaki,臨時の席を,設,ける。,モウ
three,kaki,勝利の,祝杯,をあげる。,シュクハイ
three,kaki,日本語は,主格,を言わない場合が多い。,シュカク
three,kaki,,程,よく感じる程度の気温だ。,ホド
three,kaki,何者の,仕業,だろうか。,シワザ
three,kaki,通販で買うときれいに,包装,されて配達される。,ホウソウ
three,kaki,お化け屋敷で,絶叫,する。,ゼッキョウ
three,kaki,競馬の,騎手,は体重が軽い。,キシュ
three,kaki,あの大失敗の教訓が,骨身,にしみた。,ホネミ
three,kaki,彼は,素直,な性格だ。,スナオ
three,kaki,運動会には,父兄,が参加する競技もある。,フケイ
three,kaki,ここで間違えないことが,肝心,だ。,カンジン
three,kaki,彼の話は少々,誇張,されている。,コチョウ
three,kaki,犯人は,綿密,な計画に基づいて犯行に及んだようだ。,メンミツ
three,kaki,きつい練習の末に編み出した必殺,技,だ。,ワザ
three,kaki,,犠打,による得点で勝ち越した。,ギダ
three,kaki,海外に渡り彼はより一層の,飛躍,を遂げた。,ヒヤク
three,kaki,情報の,伝達,が遅れたことが原因だ。,デンタツ
three,kaki,,虚勢,を張っているのはばれているぞ。,キョセイ
three,kaki,その方法で時間の,短縮,が出来る。,タンシュク
three,kaki,クリームシチューが,煮,えてきた。,ニ
three,kaki,この程度の,誤差,なら問題はありません。,ゴサ
three,kaki,彼は,軽,やかな身のこなしで避けた。,カロ
three,kaki,今の会社よりも,待遇,が良い。,タイグウ
three,kaki,実力より,肩書,がものをいう。,カタガキ
three,kaki,二人の関係が,公,になった。,オオヤケ
three,kaki,彼は何の,罪,を犯したのですか。,ツミ
three,kaki,前の車が危険な運転をしていたので,警笛,を鳴らした。,ケイテキ
three,kaki,彼女は,純真,な笑顔を見せた。,ジュンシン
three,kaki,海の,幸,たっぷりの海鮮定食だ。,サチ
three,kaki,学校の中庭は昼になると多くの学生が,集,う。,ツド
three,kaki,彼の小説は,佳作,に選ばれた。,カサク
three,kaki,事を,荒,立てるつもりはない。,アラ
three,kaki,試合の前に軽く言葉を,交,わす。,カ
three,kaki,お金は,際限,なく使えます。,サイゲン
three,kaki,この地図記号は,桑畑,を表す。,クワバタケ
three,kaki,雨が降らないので池の水が,干上,がってしまった。,ヒア
three,kaki,業者が荷物の,搬入,作業をしている。,ハンニュウ
three,kaki,,過,ちを繰り返すのは人の常だ。,アヤマ
three,kaki,,己,を知ることで強くなれることもある。,オノレ
three,kaki,空気の入れ過ぎでタイヤが,破裂,した。,ハレツ
three,kaki,,青菜,は少し苦手です。,アオナ
three,kaki,初めて両親の教えに,背,いた。,ソム
three,kaki,,残虐,な行為はしてはいけない。,ザンギャク
three,kaki,彼は立派な,最期,を遂げた。,サイゴ
three,kaki,それ,故,に彼は家から出なくなってしまった。,ユエ
three,kaki,,臓器,の移植手術を受ける。,ゾウキ
three,kaki,洗濯したら,縮,んでしまった。,チヂ
three,kaki,昔はよく,鯨,を食べていた。,クジラ
three,kaki,電車で,往復,一時間ほどかかる。,オウフク
three,kaki,友人と,談笑,していたらあっという間に時間がきた。,ダンショウ
three,kaki,最新の,指紋,認証ロックは精度が高いので安心だ。,シモン
three,kaki,,強引,に約束させられてしまった。,ゴウイン
three,kaki,彼の顔の大体の,輪郭,を描く。,リンカク
three,kaki,彼は鍛えているので,胸板,が厚い。,ムナイタ
three,kaki,ここを渡るのは,至難,の業ですよ。,シナン
three,kaki,新商品がヒットし、,業績,が回復した。,ギョウセキ
three,kaki,身体が,火照,っている。,ホテ
three,kaki,時間が無いので,簡潔,に説明してください。,カンケツ
three,kaki,この店の,創作,料理はなかなか美味しい。,ソウサク
three,kaki,稲が,黄金,色に輝いている。,コガネ
three,kaki,私の申し出を,快諾,してくれた。,カイダク
three,kaki,余りに高熱なので,解熱,剤を服用した。,ゲネツ
three,kaki,その店は非常に,評判,が良い。,ヒョウバン
three,kaki,彼に対する,疑念,が晴れない。,ギネン
three,kaki,大雨で,土砂,災害が発生した。,ドシャ
three,kaki,彼は,山岳,地域に住む民族の出身だ。,サンガク
three,kaki,ここで犯罪が行われた,形跡,があった。,ケイセキ
three,kaki,怪しげな,小包,が届いた。,コヅツミ
three,kaki,その映画は,臨場,感たっぷりだった。,リンジョウ
three,kaki,大きなはさみで布を,裁,つ。,タ
three,kaki,遊牧民は,家畜,とともに移動する。,カチク
three,kaki,セーターを,陰干,しする。,カゲボ
three,kaki,先生が学校を,辞,めていった。,ヤ
three,kaki,,粉末,の洗剤を使い続ける。,フンマツ
three,kaki,彼女は三,姉妹,の次女です。,シマイ
three,kaki,結果からデータを,抽出,する。,チュウシュツ
three,kaki,かなり,傾斜,のきつい坂道だ。,ケイシャ
three,kaki,さらに細かく計画を,練,る。,ネ
three,kaki,初めは皆も,手探,りな状態から始める。,テサグ
three,kaki,これらの関係を,図示,したものが図１になります。,ズシ
three,kaki,,超人,的な聴力を持つ。,チョウジン
three,kaki,魂を,込,めた一球を投げる。,コ
three,kaki,会合の日程を来週に,延,ばす。,ノ
three,kaki,今回の旅行はとても,快適,だった。,カイテキ
three,kaki,風邪を引いたので,耳鼻科,に通う。,ジビカ
three,kaki,彼の権威の,失墜,は避けられない。,シッツイ
three,kaki,社長の職を退き,隠居,する。,インキョ
three,kaki,彼らは一言一句もらすまいと,傾聴,した。,ケイチョウ
three,kaki,子供が体調を崩したので,小児科,に連れて行く。,ショウニカ
three,kaki,この路線の,沿線,に住む住人からの苦情だ。,エンセン
three,kaki,交通事故の現場に花を,供,える。,ソナ
three,kaki,彼の説には何の,根拠,もない。,コンキョ
three,kaki,数学の難問と,格闘,する。,カクトウ
three,kaki,彼は一代にして巨万の,富,と名声を得た。,トミ
three,kaki,富士山が世界,遺産,に登録された。,イサン
three,kaki,わが社と,契約,していただきたい。,ケイヤク
three,kaki,君の努力,次第,ではもっと上の大学にいけますよ。,シダイ
three,kaki,あの人が私に技を教えてくれた,師匠,です。,シショウ
three,kaki,先生の目を,盗,んで授業を抜け出す。,ヌス
three,kaki,,災,い転じて福となす。,ワザワ
three,kaki,子供のやったことなので,許,してください。,ユル
three,kaki,誤字や脱字が見つかれば,刷,り直しです。,ス
three,kaki,この辺に,雑貨,屋さんはありませんか？,ザッカ
three,kaki,増税に,便乗,して値上げをした。,ビンジョウ
three,kaki,大きな,屋敷,に住んでいる。,ヤシキ
three,kaki,,峡谷,にダムを建設する。,キョウコク
three,kaki,展開は,多岐,に渡って行われる。,タキ
